,Neighbourhood,Latitude,Longitude,Venue_Name,Venue_Cat,Venue_Lat,Venue_Lng
0,Merchant City,55.8586,-4.2456,Costa Coffee,Coffee Shop,55.857542040547806,-4.254970188020456
1,Merchant City,55.8586,-4.2456,Costa Coffee,Coffee Shop,55.86026426268171,-4.252299132794289
2,Merchant City,55.8586,-4.2456,Costa Coffee,Coffee Shop,55.861292341346456,-4.261413257561387
3,Merchant City,55.8586,-4.2456,Brew Box Coffee,Coffee Shop,55.85864111410925,-4.247986078262329
4,Merchant City,55.8586,-4.2456,Ballito Bay-Coffee with a touch of Glass,Art Gallery,55.85539543570937,-4.2443060874938965
5,Merchant City,55.8586,-4.2456,Costa Coffee,Coffee Shop,55.856668,-4.257206
6,Merchant City,55.8586,-4.2456,Costa Coffee,Coffee Shop,55.861668,-4.2497435
7,Merchant City,55.8586,-4.2456,Coffee Booth,Coffee Shop,55.86616672629012,-4.259713672148451
8,Merchant City,55.8586,-4.2456,Costa Coffee,Coffee Shop,55.86324704916545,-4.25300732756192
9,Merchant City,55.8586,-4.2456,Gordon St Coffee,Coffee Shop,55.8604377940663,-4.257637396214358
10,Merchant City,55.8586,-4.2456,Costa Coffee,Coffee Shop,55.865140184858376,-4.260184559386185
11,Merchant City,55.8586,-4.2456,Costa Coffee,Coffee Shop,55.861297481549535,-4.255244325913771
12,Merchant City,55.8586,-4.2456,Costa Coffee,Coffee Shop,55.85953405574411,-4.258189281886999
13,Merchant City,55.8586,-4.2456,all that is coffee,Coffee Shop,55.855847092055804,-4.247112419215576
14,Merchant City,55.8586,-4.2456,Riverhill Coffee Bar,Coffee Shop,55.86051963464954,-4.2557558365637425
15,Merchant City,55.8586,-4.2456,Costa Coffee,Coffee Shop,55.86218027273272,-4.25121834496696
16,Merchant City,55.8586,-4.2456,Ble Coffee Stories,Café,55.857351,-4.254542
17,Merchant City,55.8586,-4.2456,Coffee Republic,Coffee Shop,55.862611,-4.25486
18,Merchant City,55.8586,-4.2456,Coffee Republic,Coffee Shop,55.863084,-4.256328
19,Merchant City,55.8586,-4.2456,AMT Coffee,Coffee Shop,55.86233746031476,-4.251181990308605
20,Merchant City,55.8586,-4.2456,Coffee Republic,Coffee Shop,55.86512521835102,-4.253965627237335
21,Merchant City,55.8586,-4.2456,Exchange Coffee Shop,Café,55.859949,-4.25265
22,Merchant City,55.8586,-4.2456,Starbucks,Coffee Shop,55.861512,-4.253548
23,Merchant City,55.8586,-4.2456,AMT Coffee,Coffee Shop,55.85919828104176,-4.258298764931011
24,Merchant City,55.8586,-4.2456,Tapa Organic | Bakery | Coffee House,Bakery,55.85887895928509,-4.2193615436553955
25,Merchant City,55.8586,-4.2456,Dear Green Coffee Roasters,Factory,55.85482937126635,-4.2494988441467285
26,Merchant City,55.8586,-4.2456,Dear Green Coffee Roaster Cafe,Café,55.8543958348209,-4.249878925644399
27,Merchant City,55.8586,-4.2456,McDonald's,Fast Food Restaurant,55.857493452169756,-4.248530863402202
28,Merchant City,55.8586,-4.2456,Coffee Hut,Coffee Shop,55.86963357122649,-4.244647752660702
29,Merchant City,55.8586,-4.2456,The Coffee Loft,Café,55.86601007538728,-4.260964846233415
30,Merchant City,55.8586,-4.2456,Aroma Coffee Bar,Café,55.86272137541398,-4.236532755348919
31,Merchant City,55.8586,-4.2456,Loft Coffee co,Café,55.85407257080078,-4.255331039428711
32,Merchant City,55.8586,-4.2456,Thomson's Coffee Roasters,Coffee Shop,55.858295,-4.258469
33,Merchant City,55.8586,-4.2456,AmPm Coffee,Café,55.86499083563402,-4.2515355499801775
34,Merchant City,55.8586,-4.2456,Hope & Argyle Coffee House,Coffee Shop,55.858294,-4.259526
35,Merchant City,55.8586,-4.2456,Costa Coffee,Coffee Shop,55.85906359301788,-4.263986709147543
36,Merchant City,55.8586,-4.2456,East Coffee,Coffee Shop,55.85825,-4.220177
37,Merchant City,55.8586,-4.2456,Commotion Coffee Bar,Café,55.86618166848334,-4.260096292820151
38,Merchant City,55.8586,-4.2456,Costa Coffee,Coffee Shop,55.86487154668423,-4.258559806854746
39,Merchant City,55.8586,-4.2456,Sippa Coffee,Café,55.8629146024598,-4.260738212596522
40,Merchant City,55.8586,-4.2456,Weavers Coffee House,Coffee Shop,55.850120466770704,-4.2311525132827175
41,Merchant City,55.8586,-4.2456,Ice Cream & Coffee Van,Ice Cream Shop,55.848812,-4.2329745
42,Merchant City,55.8586,-4.2456,Starbucks,Coffee Shop,55.864267,-4.254371
43,Merchant City,55.8586,-4.2456,278 Coffee House,Snack Place,55.86225200187609,-4.265483775075397
44,Merchant City,55.8586,-4.2456,Starbucks,Coffee Shop,55.860073,-4.253529
45,Merchant City,55.8586,-4.2456,Charing Cross Coffee,Café,55.86624,-4.272388
46,Merchant City,55.8586,-4.2456,Starbucks,Coffee Shop,55.863362,-4.252682
47,Merchant City,55.8586,-4.2456,Gesso Tea and Coffee Lounge,Coffee Shop,55.86677576738539,-4.271014997522088
48,Merchant City,55.8586,-4.2456,Starbucks,Coffee Shop,55.86507437076079,-4.254110627171739
49,Merchant City,55.8586,-4.2456,Wisdom Coffee Co,Coffee Shop,55.86540017898365,-4.27044995713106
50,"Blythswood Hill, Anderston (part)",55.8636,-4.2612,Costa Coffee,Coffee Shop,55.861292341346456,-4.261413257561387
51,"Blythswood Hill, Anderston (part)",55.8636,-4.2612,Costa Coffee,Coffee Shop,55.857542040547806,-4.254970188020456
52,"Blythswood Hill, Anderston (part)",55.8636,-4.2612,Costa Coffee,Coffee Shop,55.86026426268171,-4.252299132794289
53,"Blythswood Hill, Anderston (part)",55.8636,-4.2612,Coffee Booth,Coffee Shop,55.86616672629012,-4.259713672148451
54,"Blythswood Hill, Anderston (part)",55.8636,-4.2612,Costa Coffee,Coffee Shop,55.865140184858376,-4.260184559386185
55,"Blythswood Hill, Anderston (part)",55.8636,-4.2612,CC&T - Coffee Chocolate and Tea,Coffee Shop,55.863197503445775,-4.279316541086742
56,"Blythswood Hill, Anderston (part)",55.8636,-4.2612,Costa Coffee,Coffee Shop,55.856668,-4.257206
57,"Blythswood Hill, Anderston (part)",55.8636,-4.2612,Costa Coffee,Coffee Shop,55.86324704916545,-4.25300732756192
58,"Blythswood Hill, Anderston (part)",55.8636,-4.2612,Gordon St Coffee,Coffee Shop,55.8604377940663,-4.257637396214358
59,"Blythswood Hill, Anderston (part)",55.8636,-4.2612,Brew Box Coffee,Coffee Shop,55.85864111410925,-4.247986078262329
60,"Blythswood Hill, Anderston (part)",55.8636,-4.2612,Costa Coffee,Coffee Shop,55.861297481549535,-4.255244325913771
61,"Blythswood Hill, Anderston (part)",55.8636,-4.2612,Costa Coffee,Coffee Shop,55.861668,-4.2497435
62,"Blythswood Hill, Anderston (part)",55.8636,-4.2612,Costa Coffee,Coffee Shop,55.85953405574411,-4.258189281886999
63,"Blythswood Hill, Anderston (part)",55.8636,-4.2612,Ballito Bay-Coffee with a touch of Glass,Art Gallery,55.85539543570937,-4.2443060874938965
64,"Blythswood Hill, Anderston (part)",55.8636,-4.2612,Sippa Coffee,Café,55.8629146024598,-4.260738212596522
65,"Blythswood Hill, Anderston (part)",55.8636,-4.2612,Avenue Coffee,Coffee Shop,55.87334495274694,-4.27579341511772
66,"Blythswood Hill, Anderston (part)",55.8636,-4.2612,Costa Coffee,Coffee Shop,55.86032105265371,-4.288058280944824
67,"Blythswood Hill, Anderston (part)",55.8636,-4.2612,The Coffee Loft,Café,55.86601007538728,-4.260964846233415
68,"Blythswood Hill, Anderston (part)",55.8636,-4.2612,Riverhill Coffee Bar,Coffee Shop,55.86051963464954,-4.2557558365637425
69,"Blythswood Hill, Anderston (part)",55.8636,-4.2612,Coffee Republic,Coffee Shop,55.863084,-4.256328
70,"Blythswood Hill, Anderston (part)",55.8636,-4.2612,Coffee Republic,Coffee Shop,55.862611,-4.25486
71,"Blythswood Hill, Anderston (part)",55.8636,-4.2612,Coffee Republic,Coffee Shop,55.86512521835102,-4.253965627237335
72,"Blythswood Hill, Anderston (part)",55.8636,-4.2612,Costa Coffee,Coffee Shop,55.86487154668423,-4.258559806854746
73,"Blythswood Hill, Anderston (part)",55.8636,-4.2612,Commotion Coffee Bar,Café,55.86618166848334,-4.260096292820151
74,"Blythswood Hill, Anderston (part)",55.8636,-4.2612,AMT Coffee,Coffee Shop,55.85919828104176,-4.258298764931011
75,"Blythswood Hill, Anderston (part)",55.8636,-4.2612,Coffee and Craic,Café,55.86322438468162,-4.275368654161614
76,"Blythswood Hill, Anderston (part)",55.8636,-4.2612,Costa Coffee,Coffee Shop,55.86218027273272,-4.25121834496696
77,"Blythswood Hill, Anderston (part)",55.8636,-4.2612,The Coffee Pod,Coffee Shop,55.86812014286141,-4.272322220896481
78,"Blythswood Hill, Anderston (part)",55.8636,-4.2612,278 Coffee House,Snack Place,55.86225200187609,-4.265483775075397
79,"Blythswood Hill, Anderston (part)",55.8636,-4.2612,Costa Coffee,Coffee Shop,55.85906359301788,-4.263986709147543
80,"Blythswood Hill, Anderston (part)",55.8636,-4.2612,Coffee Time,Café,55.8681441042188,-4.271021108587598
81,"Blythswood Hill, Anderston (part)",55.8636,-4.2612,Starbucks,Coffee Shop,55.861512,-4.253548
82,"Blythswood Hill, Anderston (part)",55.8636,-4.2612,Ble Coffee Stories,Café,55.857351,-4.254542
83,"Blythswood Hill, Anderston (part)",55.8636,-4.2612,AMT Coffee,Coffee Shop,55.86233746031476,-4.251181990308605
84,"Blythswood Hill, Anderston (part)",55.8636,-4.2612,Hope & Argyle Coffee House,Coffee Shop,55.858294,-4.259526
85,"Blythswood Hill, Anderston (part)",55.8636,-4.2612,Thomson's Coffee Roasters,Coffee Shop,55.858295,-4.258469
86,"Blythswood Hill, Anderston (part)",55.8636,-4.2612,Coffee Hut,Coffee Shop,55.86963357122649,-4.244647752660702
87,"Blythswood Hill, Anderston (part)",55.8636,-4.2612,AmPm Coffee,Café,55.86499083563402,-4.2515355499801775
88,"Blythswood Hill, Anderston (part)",55.8636,-4.2612,Coffee@Kevingrove Park,Coffee Shop,55.866916,-4.28058
89,"Blythswood Hill, Anderston (part)",55.8636,-4.2612,Exchange Coffee Shop,Café,55.859949,-4.25265
90,"Blythswood Hill, Anderston (part)",55.8636,-4.2612,Charing Cross Coffee,Café,55.86624,-4.272388
91,"Blythswood Hill, Anderston (part)",55.8636,-4.2612,Gesso Tea and Coffee Lounge,Coffee Shop,55.86677576738539,-4.271014997522088
92,"Blythswood Hill, Anderston (part)",55.8636,-4.2612,Wisdom Coffee Co,Coffee Shop,55.86540017898365,-4.27044995713106
93,"Blythswood Hill, Anderston (part)",55.8636,-4.2612,all that is coffee,Coffee Shop,55.855847092055804,-4.247112419215576
94,"Blythswood Hill, Anderston (part)",55.8636,-4.2612,Starbucks,Coffee Shop,55.864267,-4.254371
95,"Blythswood Hill, Anderston (part)",55.8636,-4.2612,Loft Coffee co,Café,55.85407257080078,-4.255331039428711
96,"Blythswood Hill, Anderston (part)",55.8636,-4.2612,Costa Coffee,Coffee Shop,55.85456440209796,-4.276594519615173
97,"Blythswood Hill, Anderston (part)",55.8636,-4.2612,Artisan Coffee House,Café,55.8662019,-4.2787907
98,"Blythswood Hill, Anderston (part)",55.8636,-4.2612,Dear Green Coffee Roasters,Factory,55.85482937126635,-4.2494988441467285
99,"Blythswood Hill, Anderston (part)",55.8636,-4.2612,Dear Green Coffee Roaster Cafe,Café,55.8543958348209,-4.249878925644399
100,"Anderston, Finnieston, Garnethill, Park, Woodlands (part), Yorkhill",55.8644,-4.2780000000000005,CC&T - Coffee Chocolate and Tea,Coffee Shop,55.863197503445775,-4.279316541086742
101,"Anderston, Finnieston, Garnethill, Park, Woodlands (part), Yorkhill",55.8644,-4.2780000000000005,Costa Coffee,Coffee Shop,55.861292341346456,-4.261413257561387
102,"Anderston, Finnieston, Garnethill, Park, Woodlands (part), Yorkhill",55.8644,-4.2780000000000005,Costa Coffee,Coffee Shop,55.857542040547806,-4.254970188020456
103,"Anderston, Finnieston, Garnethill, Park, Woodlands (part), Yorkhill",55.8644,-4.2780000000000005,Costa Coffee,Coffee Shop,55.86032105265371,-4.288058280944824
104,"Anderston, Finnieston, Garnethill, Park, Woodlands (part), Yorkhill",55.8644,-4.2780000000000005,Costa Coffee,Coffee Shop,55.86026426268171,-4.252299132794289
105,"Anderston, Finnieston, Garnethill, Park, Woodlands (part), Yorkhill",55.8644,-4.2780000000000005,Coffee Booth,Coffee Shop,55.86616672629012,-4.259713672148451
106,"Anderston, Finnieston, Garnethill, Park, Woodlands (part), Yorkhill",55.8644,-4.2780000000000005,Avenue Coffee,Coffee Shop,55.87334495274694,-4.27579341511772
107,"Anderston, Finnieston, Garnethill, Park, Woodlands (part), Yorkhill",55.8644,-4.2780000000000005,Costa Coffee,Coffee Shop,55.865140184858376,-4.260184559386185
108,"Anderston, Finnieston, Garnethill, Park, Woodlands (part), Yorkhill",55.8644,-4.2780000000000005,Coffee and Craic,Café,55.86322438468162,-4.275368654161614
109,"Anderston, Finnieston, Garnethill, Park, Woodlands (part), Yorkhill",55.8644,-4.2780000000000005,Atrium Coffee House,Coffee Shop,55.87639102238798,-4.29179579258957
110,"Anderston, Finnieston, Garnethill, Park, Woodlands (part), Yorkhill",55.8644,-4.2780000000000005,Coffee@Kevingrove Park,Coffee Shop,55.866916,-4.28058
111,"Anderston, Finnieston, Garnethill, Park, Woodlands (part), Yorkhill",55.8644,-4.2780000000000005,The Coffee Pod,Coffee Shop,55.86812014286141,-4.272322220896481
112,"Anderston, Finnieston, Garnethill, Park, Woodlands (part), Yorkhill",55.8644,-4.2780000000000005,Costa Coffee,Coffee Shop,55.86324704916545,-4.25300732756192
113,"Anderston, Finnieston, Garnethill, Park, Woodlands (part), Yorkhill",55.8644,-4.2780000000000005,Gordon St Coffee,Coffee Shop,55.8604377940663,-4.257637396214358
114,"Anderston, Finnieston, Garnethill, Park, Woodlands (part), Yorkhill",55.8644,-4.2780000000000005,Artisan Coffee House,Café,55.8662019,-4.2787907
115,"Anderston, Finnieston, Garnethill, Park, Woodlands (part), Yorkhill",55.8644,-4.2780000000000005,Coffee Time,Café,55.8681441042188,-4.271021108587598
116,"Anderston, Finnieston, Garnethill, Park, Woodlands (part), Yorkhill",55.8644,-4.2780000000000005,Charing Cross Coffee,Café,55.86624,-4.272388
117,"Anderston, Finnieston, Garnethill, Park, Woodlands (part), Yorkhill",55.8644,-4.2780000000000005,Costa Coffee,Coffee Shop,55.85953405574411,-4.258189281886999
118,"Anderston, Finnieston, Garnethill, Park, Woodlands (part), Yorkhill",55.8644,-4.2780000000000005,Costa Coffee,Coffee Shop,55.861297481549535,-4.255244325913771
119,"Anderston, Finnieston, Garnethill, Park, Woodlands (part), Yorkhill",55.8644,-4.2780000000000005,Gesso Tea and Coffee Lounge,Coffee Shop,55.86677576738539,-4.271014997522088
120,"Anderston, Finnieston, Garnethill, Park, Woodlands (part), Yorkhill",55.8644,-4.2780000000000005,The Coffee Loft,Café,55.86601007538728,-4.260964846233415
121,"Anderston, Finnieston, Garnethill, Park, Woodlands (part), Yorkhill",55.8644,-4.2780000000000005,Wisdom Coffee Co,Coffee Shop,55.86540017898365,-4.27044995713106
122,"Anderston, Finnieston, Garnethill, Park, Woodlands (part), Yorkhill",55.8644,-4.2780000000000005,Black Pine Coffee Co,Coffee Shop,55.87582,-4.282449
123,"Anderston, Finnieston, Garnethill, Park, Woodlands (part), Yorkhill",55.8644,-4.2780000000000005,Coffee Republic,Coffee Shop,55.863084,-4.256328
124,"Anderston, Finnieston, Garnethill, Park, Woodlands (part), Yorkhill",55.8644,-4.2780000000000005,Coffee Republic,Coffee Shop,55.862611,-4.25486
125,"Anderston, Finnieston, Garnethill, Park, Woodlands (part), Yorkhill",55.8644,-4.2780000000000005,Costa Coffee,Coffee Shop,55.85906359301788,-4.263986709147543
126,"Anderston, Finnieston, Garnethill, Park, Woodlands (part), Yorkhill",55.8644,-4.2780000000000005,Coffee Studios,Design Studio,55.87537102396548,-4.291942119598389
127,"Anderston, Finnieston, Garnethill, Park, Woodlands (part), Yorkhill",55.8644,-4.2780000000000005,coffee patisserie,Café,55.873587,-4.29561
128,"Anderston, Finnieston, Garnethill, Park, Woodlands (part), Yorkhill",55.8644,-4.2780000000000005,Coffee Republic,Coffee Shop,55.86512521835102,-4.253965627237335
129,"Anderston, Finnieston, Garnethill, Park, Woodlands (part), Yorkhill",55.8644,-4.2780000000000005,Coffee @ 291,Café,55.87605,-4.292855
130,"Anderston, Finnieston, Garnethill, Park, Woodlands (part), Yorkhill",55.8644,-4.2780000000000005,278 Coffee House,Snack Place,55.86225200187609,-4.265483775075397
131,"Anderston, Finnieston, Garnethill, Park, Woodlands (part), Yorkhill",55.8644,-4.2780000000000005,Costa Coffee,Coffee Shop,55.85456440209796,-4.276594519615173
132,"Anderston, Finnieston, Garnethill, Park, Woodlands (part), Yorkhill",55.8644,-4.2780000000000005,Riverhill Coffee Bar,Coffee Shop,55.86051963464954,-4.2557558365637425
133,"Anderston, Finnieston, Garnethill, Park, Woodlands (part), Yorkhill",55.8644,-4.2780000000000005,Commotion Coffee Bar,Café,55.86618166848334,-4.260096292820151
134,"Anderston, Finnieston, Garnethill, Park, Woodlands (part), Yorkhill",55.8644,-4.2780000000000005,AMT Coffee,Coffee Shop,55.85919828104176,-4.258298764931011
135,"Anderston, Finnieston, Garnethill, Park, Woodlands (part), Yorkhill",55.8644,-4.2780000000000005,Big Mouth Coffee Company,Café,55.870773296659785,-4.300748060763789
136,"Anderston, Finnieston, Garnethill, Park, Woodlands (part), Yorkhill",55.8644,-4.2780000000000005,Sippa Coffee,Café,55.8629146024598,-4.260738212596522
137,"Anderston, Finnieston, Garnethill, Park, Woodlands (part), Yorkhill",55.8644,-4.2780000000000005,Costa Coffee,Coffee Shop,55.86487154668423,-4.258559806854746
138,"Anderston, Finnieston, Garnethill, Park, Woodlands (part), Yorkhill",55.8644,-4.2780000000000005,Starbucks,Coffee Shop,55.861512,-4.253548
139,"Anderston, Finnieston, Garnethill, Park, Woodlands (part), Yorkhill",55.8644,-4.2780000000000005,Ble Coffee Stories,Café,55.857351,-4.254542
140,"Anderston, Finnieston, Garnethill, Park, Woodlands (part), Yorkhill",55.8644,-4.2780000000000005,Tapa Coffee House,Café,55.87525,-4.2817965
141,"Anderston, Finnieston, Garnethill, Park, Woodlands (part), Yorkhill",55.8644,-4.2780000000000005,Aroma Coffee Bar,Café,55.86624967927589,-4.297616762177947
142,"Anderston, Finnieston, Garnethill, Park, Woodlands (part), Yorkhill",55.8644,-4.2780000000000005,S'mug Coffee Bar,Coffee Shop,55.875491221427744,-4.292478643793263
143,"Anderston, Finnieston, Garnethill, Park, Woodlands (part), Yorkhill",55.8644,-4.2780000000000005,Hope & Argyle Coffee House,Coffee Shop,55.858294,-4.259526
144,"Anderston, Finnieston, Garnethill, Park, Woodlands (part), Yorkhill",55.8644,-4.2780000000000005,Thomson's Coffee Roasters,Coffee Shop,55.858295,-4.258469
145,"Anderston, Finnieston, Garnethill, Park, Woodlands (part), Yorkhill",55.8644,-4.2780000000000005,Mr George Coffee Company,Coffee Shop,55.871493,-4.298154
146,"Anderston, Finnieston, Garnethill, Park, Woodlands (part), Yorkhill",55.8644,-4.2780000000000005,The Good Coffee Cartel,Coffee Shop,55.852104,-4.28723
147,"Anderston, Finnieston, Garnethill, Park, Woodlands (part), Yorkhill",55.8644,-4.2780000000000005,peep show coffee,Art Gallery,55.875321,-4.295248
148,"Anderston, Finnieston, Garnethill, Park, Woodlands (part), Yorkhill",55.8644,-4.2780000000000005,Starbucks,Coffee Shop,55.86646,-4.270681
149,"Anderston, Finnieston, Garnethill, Park, Woodlands (part), Yorkhill",55.8644,-4.2780000000000005,Exchange Coffee Shop,Café,55.859949,-4.25265
150,"Calton (part), Cowcaddens (part), Drygate, Kelvinbridge, Townhead, Woodlands (part), Woodside (part)",55.871,-4.2494,Costa Coffee,Coffee Shop,55.857542040547806,-4.254970188020456
151,"Calton (part), Cowcaddens (part), Drygate, Kelvinbridge, Townhead, Woodlands (part), Woodside (part)",55.871,-4.2494,Costa Coffee,Coffee Shop,55.861292341346456,-4.261413257561387
152,"Calton (part), Cowcaddens (part), Drygate, Kelvinbridge, Townhead, Woodlands (part), Woodside (part)",55.871,-4.2494,Costa Coffee,Coffee Shop,55.86026426268171,-4.252299132794289
153,"Calton (part), Cowcaddens (part), Drygate, Kelvinbridge, Townhead, Woodlands (part), Woodside (part)",55.871,-4.2494,Coffee Booth,Coffee Shop,55.86616672629012,-4.259713672148451
154,"Calton (part), Cowcaddens (part), Drygate, Kelvinbridge, Townhead, Woodlands (part), Woodside (part)",55.871,-4.2494,Costa Coffee,Coffee Shop,55.865140184858376,-4.260184559386185
155,"Calton (part), Cowcaddens (part), Drygate, Kelvinbridge, Townhead, Woodlands (part), Woodside (part)",55.871,-4.2494,Costa Coffee,Coffee Shop,55.86324704916545,-4.25300732756192
156,"Calton (part), Cowcaddens (part), Drygate, Kelvinbridge, Townhead, Woodlands (part), Woodside (part)",55.871,-4.2494,Brew Box Coffee,Coffee Shop,55.85864111410925,-4.247986078262329
157,"Calton (part), Cowcaddens (part), Drygate, Kelvinbridge, Townhead, Woodlands (part), Woodside (part)",55.871,-4.2494,Costa Coffee,Coffee Shop,55.861668,-4.2497435
158,"Calton (part), Cowcaddens (part), Drygate, Kelvinbridge, Townhead, Woodlands (part), Woodside (part)",55.871,-4.2494,Coffee Hut,Coffee Shop,55.86963357122649,-4.244647752660702
159,"Calton (part), Cowcaddens (part), Drygate, Kelvinbridge, Townhead, Woodlands (part), Woodside (part)",55.871,-4.2494,Gordon St Coffee,Coffee Shop,55.8604377940663,-4.257637396214358
160,"Calton (part), Cowcaddens (part), Drygate, Kelvinbridge, Townhead, Woodlands (part), Woodside (part)",55.871,-4.2494,Costa Coffee,Coffee Shop,55.861297481549535,-4.255244325913771
161,"Calton (part), Cowcaddens (part), Drygate, Kelvinbridge, Townhead, Woodlands (part), Woodside (part)",55.871,-4.2494,Coffee Republic,Coffee Shop,55.86512521835102,-4.253965627237335
162,"Calton (part), Cowcaddens (part), Drygate, Kelvinbridge, Townhead, Woodlands (part), Woodside (part)",55.871,-4.2494,Costa Coffee,Coffee Shop,55.85953405574411,-4.258189281886999
163,"Calton (part), Cowcaddens (part), Drygate, Kelvinbridge, Townhead, Woodlands (part), Woodside (part)",55.871,-4.2494,The Coffee Loft,Café,55.86601007538728,-4.260964846233415
164,"Calton (part), Cowcaddens (part), Drygate, Kelvinbridge, Townhead, Woodlands (part), Woodside (part)",55.871,-4.2494,Coffee Republic,Coffee Shop,55.863084,-4.256328
165,"Calton (part), Cowcaddens (part), Drygate, Kelvinbridge, Townhead, Woodlands (part), Woodside (part)",55.871,-4.2494,Coffee Republic,Coffee Shop,55.862611,-4.25486
166,"Calton (part), Cowcaddens (part), Drygate, Kelvinbridge, Townhead, Woodlands (part), Woodside (part)",55.871,-4.2494,Costa Coffee,Coffee Shop,55.86218027273272,-4.25121834496696
167,"Calton (part), Cowcaddens (part), Drygate, Kelvinbridge, Townhead, Woodlands (part), Woodside (part)",55.871,-4.2494,Riverhill Coffee Bar,Coffee Shop,55.86051963464954,-4.2557558365637425
168,"Calton (part), Cowcaddens (part), Drygate, Kelvinbridge, Townhead, Woodlands (part), Woodside (part)",55.871,-4.2494,The Coffee Pod,Coffee Shop,55.86812014286141,-4.272322220896481
169,"Calton (part), Cowcaddens (part), Drygate, Kelvinbridge, Townhead, Woodlands (part), Woodside (part)",55.871,-4.2494,Commotion Coffee Bar,Café,55.86618166848334,-4.260096292820151
170,"Calton (part), Cowcaddens (part), Drygate, Kelvinbridge, Townhead, Woodlands (part), Woodside (part)",55.871,-4.2494,AmPm Coffee,Café,55.86499083563402,-4.2515355499801775
171,"Calton (part), Cowcaddens (part), Drygate, Kelvinbridge, Townhead, Woodlands (part), Woodside (part)",55.871,-4.2494,Coffee Time,Café,55.8681441042188,-4.271021108587598
172,"Calton (part), Cowcaddens (part), Drygate, Kelvinbridge, Townhead, Woodlands (part), Woodside (part)",55.871,-4.2494,AMT Coffee,Coffee Shop,55.86233746031476,-4.251181990308605
173,"Calton (part), Cowcaddens (part), Drygate, Kelvinbridge, Townhead, Woodlands (part), Woodside (part)",55.871,-4.2494,Starbucks,Coffee Shop,55.861512,-4.253548
174,"Calton (part), Cowcaddens (part), Drygate, Kelvinbridge, Townhead, Woodlands (part), Woodside (part)",55.871,-4.2494,Costa Coffee,Coffee Shop,55.86487154668423,-4.258559806854746
175,"Calton (part), Cowcaddens (part), Drygate, Kelvinbridge, Townhead, Woodlands (part), Woodside (part)",55.871,-4.2494,AMT Coffee,Coffee Shop,55.85919828104176,-4.258298764931011
176,"Calton (part), Cowcaddens (part), Drygate, Kelvinbridge, Townhead, Woodlands (part), Woodside (part)",55.871,-4.2494,Ble Coffee Stories,Café,55.857351,-4.254542
177,"Calton (part), Cowcaddens (part), Drygate, Kelvinbridge, Townhead, Woodlands (part), Woodside (part)",55.871,-4.2494,Sippa Coffee,Café,55.8629146024598,-4.260738212596522
178,"Calton (part), Cowcaddens (part), Drygate, Kelvinbridge, Townhead, Woodlands (part), Woodside (part)",55.871,-4.2494,Aroma Coffee Bar,Café,55.86272137541398,-4.236532755348919
179,"Calton (part), Cowcaddens (part), Drygate, Kelvinbridge, Townhead, Woodlands (part), Woodside (part)",55.871,-4.2494,Exchange Coffee Shop,Café,55.859949,-4.25265
180,"Calton (part), Cowcaddens (part), Drygate, Kelvinbridge, Townhead, Woodlands (part), Woodside (part)",55.871,-4.2494,Costa Coffee,Coffee Shop,55.85906359301788,-4.263986709147543
181,"Calton (part), Cowcaddens (part), Drygate, Kelvinbridge, Townhead, Woodlands (part), Woodside (part)",55.871,-4.2494,Starbucks,Coffee Shop,55.864267,-4.254371
182,"Calton (part), Cowcaddens (part), Drygate, Kelvinbridge, Townhead, Woodlands (part), Woodside (part)",55.871,-4.2494,Charing Cross Coffee,Café,55.86624,-4.272388
183,"Calton (part), Cowcaddens (part), Drygate, Kelvinbridge, Townhead, Woodlands (part), Woodside (part)",55.871,-4.2494,Gesso Tea and Coffee Lounge,Coffee Shop,55.86677576738539,-4.271014997522088
184,"Calton (part), Cowcaddens (part), Drygate, Kelvinbridge, Townhead, Woodlands (part), Woodside (part)",55.871,-4.2494,278 Coffee House,Snack Place,55.86225200187609,-4.265483775075397
185,"Calton (part), Cowcaddens (part), Drygate, Kelvinbridge, Townhead, Woodlands (part), Woodside (part)",55.871,-4.2494,Hope & Argyle Coffee House,Coffee Shop,55.858294,-4.259526
186,"Calton (part), Cowcaddens (part), Drygate, Kelvinbridge, Townhead, Woodlands (part), Woodside (part)",55.871,-4.2494,Thomson's Coffee Roasters,Coffee Shop,55.858295,-4.258469
187,"Calton (part), Cowcaddens (part), Drygate, Kelvinbridge, Townhead, Woodlands (part), Woodside (part)",55.871,-4.2494,Starbucks,Coffee Shop,55.86507437076079,-4.254110627171739
188,"Calton (part), Cowcaddens (part), Drygate, Kelvinbridge, Townhead, Woodlands (part), Woodside (part)",55.871,-4.2494,Wisdom Coffee Co,Coffee Shop,55.86540017898365,-4.27044995713106
189,"Calton (part), Cowcaddens (part), Drygate, Kelvinbridge, Townhead, Woodlands (part), Woodside (part)",55.871,-4.2494,Starbucks,Coffee Shop,55.863362,-4.252682
190,"Calton (part), Cowcaddens (part), Drygate, Kelvinbridge, Townhead, Woodlands (part), Woodside (part)",55.871,-4.2494,McDonald's,Fast Food Restaurant,55.857493452169756,-4.248530863402202
191,"Calton (part), Cowcaddens (part), Drygate, Kelvinbridge, Townhead, Woodlands (part), Woodside (part)",55.871,-4.2494,Starbucks,Coffee Shop,55.860073,-4.253529
192,"Calton (part), Cowcaddens (part), Drygate, Kelvinbridge, Townhead, Woodlands (part), Woodside (part)",55.871,-4.2494,Starbucks,Coffee Shop,55.861909,-4.254835
193,"Calton (part), Cowcaddens (part), Drygate, Kelvinbridge, Townhead, Woodlands (part), Woodside (part)",55.871,-4.2494,Starbucks,Coffee Shop,55.86646,-4.270681
194,"Calton (part), Cowcaddens (part), Drygate, Kelvinbridge, Townhead, Woodlands (part), Woodside (part)",55.871,-4.2494,Place to Eat,Café,55.86405567936157,-4.253169555450281
195,"Calton (part), Cowcaddens (part), Drygate, Kelvinbridge, Townhead, Woodlands (part), Woodside (part)",55.871,-4.2494,Starbucks,Coffee Shop,55.859716,-4.257684
196,"Calton (part), Cowcaddens (part), Drygate, Kelvinbridge, Townhead, Woodlands (part), Woodside (part)",55.871,-4.2494,McDonald's,Fast Food Restaurant,55.85951328714102,-4.256896125537648
197,"Calton (part), Cowcaddens (part), Drygate, Kelvinbridge, Townhead, Woodlands (part), Woodside (part)",55.871,-4.2494,Fornette Coffeehouse,Café,55.86564611154329,-4.258109929769865
198,"Calton (part), Cowcaddens (part), Drygate, Kelvinbridge, Townhead, Woodlands (part), Woodside (part)",55.871,-4.2494,Starbucks,Coffee Shop,55.861076,-4.260613
199,Gorbals,55.8433,-4.245,Matthew Algie Glasgow Roastery & Coffee School,Factory,55.840542829761446,-4.248117506504059
200,Gorbals,55.8433,-4.245,Ballito Bay-Coffee with a touch of Glass,Art Gallery,55.85539543570937,-4.2443060874938965
201,Gorbals,55.8433,-4.245,Costa Coffee,Coffee Shop,55.856668,-4.257206
202,Gorbals,55.8433,-4.245,Coffee Suppliers UK | Caffe V Coffee,Coffee Shop,55.84145821802204,-4.247331619262695
203,Gorbals,55.8433,-4.245,Costa Coffee,Coffee Shop,55.841397,-4.226169
204,Gorbals,55.8433,-4.245,Coffee patisserie,Café,55.83865080072518,-4.2638708200267335
205,Gorbals,55.8433,-4.245,Ice Cream & Coffee Van,Ice Cream Shop,55.848812,-4.2329745
206,Gorbals,55.8433,-4.245,all that is coffee,Coffee Shop,55.855847092055804,-4.247112419215576
207,Gorbals,55.8433,-4.245,Weavers Coffee House,Coffee Shop,55.850120466770704,-4.2311525132827175
208,Gorbals,55.8433,-4.245,Buchta Coffee,Café,55.841352,-4.263249
209,Gorbals,55.8433,-4.245,Dear Green Coffee Roaster Cafe,Café,55.8543958348209,-4.249878925644399
210,Gorbals,55.8433,-4.245,Dear Green Coffee Roasters,Factory,55.85482937126635,-4.2494988441467285
211,Gorbals,55.8433,-4.245,Loft Coffee co,Café,55.85407257080078,-4.255331039428711
212,Gorbals,55.8433,-4.245,Crema Coffee,Coffee Shop,55.834543,-4.265636
213,Gorbals,55.8433,-4.245,CoffeeStation,Coffee Shop,55.848381,-4.225763
214,"Broomhill, Partick, Partickhill",55.8742,-4.3166,Meadow Road Coffee,Coffee Shop,55.87068676912028,-4.316776970852891
215,"Broomhill, Partick, Partickhill",55.8742,-4.3166,Atrium Coffee House,Coffee Shop,55.87639102238798,-4.29179579258957
216,"Broomhill, Partick, Partickhill",55.8742,-4.3166,Space Coffee House,Coffee Shop,55.870691,-4.314455
217,"Broomhill, Partick, Partickhill",55.8742,-4.3166,Coffee Patisserie,Café,55.87086813914529,-4.305887294662935
218,"Broomhill, Partick, Partickhill",55.8742,-4.3166,Coffee Culture Cafe,Café,55.87085291691729,-4.305948685945293
219,"Broomhill, Partick, Partickhill",55.8742,-4.3166,Kaf Coffee,Café,55.871051,-4.302824
220,"Broomhill, Partick, Partickhill",55.8742,-4.3166,Coffee Culture Cafe,,55.870303,-4.302877
221,"Broomhill, Partick, Partickhill",55.8742,-4.3166,Counter Culture Coffee,Breakfast Spot,55.879597663879395,-4.3145424127578735
222,"Broomhill, Partick, Partickhill",55.8742,-4.3166,Big Mouth Coffee Company,Café,55.870773296659785,-4.300748060763789
223,"Broomhill, Partick, Partickhill",55.8742,-4.3166,coffee patisserie,Café,55.873587,-4.29561
224,"Broomhill, Partick, Partickhill",55.8742,-4.3166,Coffee @ 291,Café,55.87605,-4.292855
225,"Broomhill, Partick, Partickhill",55.8742,-4.3166,Tea Garden Coffee House,Coffee Shop,55.87094367890665,-4.305754493375664
226,"Broomhill, Partick, Partickhill",55.8742,-4.3166,Coffee Studios,Design Studio,55.87537102396548,-4.291942119598389
227,"Broomhill, Partick, Partickhill",55.8742,-4.3166,Aroma Coffee Bar,Café,55.88302043434452,-4.3128164728967
228,"Broomhill, Partick, Partickhill",55.8742,-4.3166,Mr George Coffee Company,Coffee Shop,55.871493,-4.298154
229,"Broomhill, Partick, Partickhill",55.8742,-4.3166,Costa Coffee,Coffee Shop,55.866895,-4.335967
230,"Broomhill, Partick, Partickhill",55.8742,-4.3166,S'mug Coffee Bar,Coffee Shop,55.875491221427744,-4.292478643793263
231,"Broomhill, Partick, Partickhill",55.8742,-4.3166,peep show coffee,Art Gallery,55.875321,-4.295248
232,"Broomhill, Partick, Partickhill",55.8742,-4.3166,Aroma Coffee Bar,Café,55.86624967927589,-4.297616762177947
233,"Broomhill, Partick, Partickhill",55.8742,-4.3166,Starbucks,Coffee Shop,55.875323,-4.293411
234,"Broomhill, Partick, Partickhill",55.8742,-4.3166,McDonald's,Fast Food Restaurant,55.86617080786951,-4.31135179412256
235,"West End (part), Cleveden, Dowanhill, Hillhead, Hyndland, Kelvindale, Botanic Gardens, University of Glasgow",55.8803,-4.3028,Atrium Coffee House,Coffee Shop,55.87639102238798,-4.29179579258957
236,"West End (part), Cleveden, Dowanhill, Hillhead, Hyndland, Kelvindale, Botanic Gardens, University of Glasgow",55.8803,-4.3028,Avenue Coffee,Coffee Shop,55.87334495274694,-4.27579341511772
237,"West End (part), Cleveden, Dowanhill, Hillhead, Hyndland, Kelvindale, Botanic Gardens, University of Glasgow",55.8803,-4.3028,Coffee @ 291,Café,55.87605,-4.292855
238,"West End (part), Cleveden, Dowanhill, Hillhead, Hyndland, Kelvindale, Botanic Gardens, University of Glasgow",55.8803,-4.3028,Coffee Studios,Design Studio,55.87537102396548,-4.291942119598389
239,"West End (part), Cleveden, Dowanhill, Hillhead, Hyndland, Kelvindale, Botanic Gardens, University of Glasgow",55.8803,-4.3028,coffee patisserie,Café,55.873587,-4.29561
240,"West End (part), Cleveden, Dowanhill, Hillhead, Hyndland, Kelvindale, Botanic Gardens, University of Glasgow",55.8803,-4.3028,Coffee Patisserie,Café,55.87086813914529,-4.305887294662935
241,"West End (part), Cleveden, Dowanhill, Hillhead, Hyndland, Kelvindale, Botanic Gardens, University of Glasgow",55.8803,-4.3028,Kaf Coffee,Café,55.871051,-4.302824
242,"West End (part), Cleveden, Dowanhill, Hillhead, Hyndland, Kelvindale, Botanic Gardens, University of Glasgow",55.8803,-4.3028,Coffee Culture Cafe,Café,55.87085291691729,-4.305948685945293
243,"West End (part), Cleveden, Dowanhill, Hillhead, Hyndland, Kelvindale, Botanic Gardens, University of Glasgow",55.8803,-4.3028,Meadow Road Coffee,Coffee Shop,55.87068676912028,-4.316776970852891
244,"West End (part), Cleveden, Dowanhill, Hillhead, Hyndland, Kelvindale, Botanic Gardens, University of Glasgow",55.8803,-4.3028,Coffee Culture Cafe,,55.870303,-4.302877
245,"West End (part), Cleveden, Dowanhill, Hillhead, Hyndland, Kelvindale, Botanic Gardens, University of Glasgow",55.8803,-4.3028,Counter Culture Coffee,Breakfast Spot,55.879597663879395,-4.3145424127578735
246,"West End (part), Cleveden, Dowanhill, Hillhead, Hyndland, Kelvindale, Botanic Gardens, University of Glasgow",55.8803,-4.3028,S'mug Coffee Bar,Coffee Shop,55.875491221427744,-4.292478643793263
247,"West End (part), Cleveden, Dowanhill, Hillhead, Hyndland, Kelvindale, Botanic Gardens, University of Glasgow",55.8803,-4.3028,Big Mouth Coffee Company,Café,55.870773296659785,-4.300748060763789
248,"West End (part), Cleveden, Dowanhill, Hillhead, Hyndland, Kelvindale, Botanic Gardens, University of Glasgow",55.8803,-4.3028,Black Pine Coffee Co,Coffee Shop,55.87582,-4.282449
249,"West End (part), Cleveden, Dowanhill, Hillhead, Hyndland, Kelvindale, Botanic Gardens, University of Glasgow",55.8803,-4.3028,peep show coffee,Art Gallery,55.875321,-4.295248
250,"West End (part), Cleveden, Dowanhill, Hillhead, Hyndland, Kelvindale, Botanic Gardens, University of Glasgow",55.8803,-4.3028,Aroma Coffee Bar,Café,55.88302043434452,-4.3128164728967
251,"West End (part), Cleveden, Dowanhill, Hillhead, Hyndland, Kelvindale, Botanic Gardens, University of Glasgow",55.8803,-4.3028,Space Coffee House,Coffee Shop,55.870691,-4.314455
252,"West End (part), Cleveden, Dowanhill, Hillhead, Hyndland, Kelvindale, Botanic Gardens, University of Glasgow",55.8803,-4.3028,Mr George Coffee Company,Coffee Shop,55.871493,-4.298154
253,"West End (part), Cleveden, Dowanhill, Hillhead, Hyndland, Kelvindale, Botanic Gardens, University of Glasgow",55.8803,-4.3028,Tea Garden Coffee House,Coffee Shop,55.87094367890665,-4.305754493375664
254,"West End (part), Cleveden, Dowanhill, Hillhead, Hyndland, Kelvindale, Botanic Gardens, University of Glasgow",55.8803,-4.3028,Tapa Coffee House,Café,55.87525,-4.2817965
255,"West End (part), Cleveden, Dowanhill, Hillhead, Hyndland, Kelvindale, Botanic Gardens, University of Glasgow",55.8803,-4.3028,Starbucks,Coffee Shop,55.875323,-4.293411
256,"West End (part), Cleveden, Dowanhill, Hillhead, Hyndland, Kelvindale, Botanic Gardens, University of Glasgow",55.8803,-4.3028,McDonald's,Fast Food Restaurant,55.86617080786951,-4.31135179412256
257,"Anniesland, Knightswood, Yoker",55.8985,-4.3391,none,none,0.0,0.0
258,"Whiteinch, Scotstoun",55.8787,-4.3469999999999995,Costa Coffee,Coffee Shop,55.875220105414776,-4.367060273450471
259,"Whiteinch, Scotstoun",55.8787,-4.3469999999999995,Coffee Republic,Coffee Shop,55.87858423168782,-4.370776492758668
260,"Whiteinch, Scotstoun",55.8787,-4.3469999999999995,Costa Coffee,Coffee Shop,55.8762025560604,-4.3644929454185375
261,"Whiteinch, Scotstoun",55.8787,-4.3469999999999995,Costa Coffee,Coffee Shop,55.878313334295775,-4.370524867408385
262,"Whiteinch, Scotstoun",55.8787,-4.3469999999999995,Costa Coffee,Coffee Shop,55.866895,-4.335967
263,"Whiteinch, Scotstoun",55.8787,-4.3469999999999995,Starbucks,Coffee Shop,55.875596,-4.365835
264,Drumchapel,55.9115,-4.3672,Coffee Club,Coffee Shop,55.91205249608665,-4.390390613901065
265,"Maryhill, North Kelvinside, Ruchill",55.8919,-4.2898,Aroma Coffee Bar,Café,55.88302043434452,-4.3128164728967
266,"Balornock, Barmulloch, Cowlairs, Royston, Springburn, Sighthill",55.8805,-4.2177,Aroma Coffee (Stobhill ACH),Coffee Shop,55.89219057835348,-4.218101426149054
267,"Milton, Parkhouse, Possilpark",55.8905,-4.2489,none,none,0.0,0.0
268,"Lambhill, Summerston",55.9122,-4.2672,none,none,0.0,0.0
269,"Dennistoun, Haghill, Parkhead (part)",55.8559,-4.2027,Costa Coffee,Coffee Shop,55.85351471387366,-4.199926944469027
270,"Dennistoun, Haghill, Parkhead (part)",55.8559,-4.2027,Miami Coffee,Distribution Center,55.84818,-4.21178
271,"Dennistoun, Haghill, Parkhead (part)",55.8559,-4.2027,Tapa Organic | Bakery | Coffee House,Bakery,55.85887895928509,-4.2193615436553955
272,"Dennistoun, Haghill, Parkhead (part)",55.8559,-4.2027,East Coffee,Coffee Shop,55.85825,-4.220177
273,"Dennistoun, Haghill, Parkhead (part)",55.8559,-4.2027,Costa Coffee,Coffee Shop,55.842310687922435,-4.202390884753773
274,"Dennistoun, Haghill, Parkhead (part)",55.8559,-4.2027,CoffeeStation,Coffee Shop,55.848381,-4.225763
275,"Carmyle, Tollcross, Mount Vernon, Lightburn, Sandyhills, Shettleston, Springboig",55.8487,-4.1683,Laurie's Coffeeshop,,55.8533248,-4.14708698
276,"Cardowan, Carntyne, Craigend, Cranhill, Garthamlock, Millerston, Provanmill, Queenslie, Riddrie, Robroyston, Ruchazie, Stepps, Wellhouse",55.8825,-4.1588,none,none,0.0,0.0
277,"Easterhouse, Easthall, Provanhall",55.8702,-4.1089,none,none,0.0,0.0
278,"Bridgeton, Calton, Dalmarnock",55.8443,-4.2156,Miami Coffee,Distribution Center,55.84818,-4.21178
279,"Bridgeton, Calton, Dalmarnock",55.8443,-4.2156,Costa Coffee,Coffee Shop,55.83462642189067,-4.210375798168572
280,"Bridgeton, Calton, Dalmarnock",55.8443,-4.2156,Costa Coffee,Coffee Shop,55.841397,-4.226169
281,"Bridgeton, Calton, Dalmarnock",55.8443,-4.2156,Costa Coffee,Coffee Shop,55.85351471387366,-4.199926944469027
282,"Bridgeton, Calton, Dalmarnock",55.8443,-4.2156,Costa Coffee,Coffee Shop,55.842310687922435,-4.202390884753773
283,"Bridgeton, Calton, Dalmarnock",55.8443,-4.2156,Weavers Coffee House,Coffee Shop,55.850120466770704,-4.2311525132827175
284,"Bridgeton, Calton, Dalmarnock",55.8443,-4.2156,Ice Cream & Coffee Van,Ice Cream Shop,55.848812,-4.2329745
285,"Bridgeton, Calton, Dalmarnock",55.8443,-4.2156,CoffeeStation,Coffee Shop,55.848381,-4.225763
286,"Pollokshields, Shawlands",55.8417,-4.2891,Coffee Patisserie,Café,55.83214515019886,-4.277741527142715
287,"Pollokshields, Shawlands",55.8417,-4.2891,Coffee patisserie,Café,55.83865080072518,-4.2638708200267335
288,"Pollokshields, Shawlands",55.8417,-4.2891,Tapa Coffeehouse,Coffee Shop,55.83602200368489,-4.271009683744354
289,"Pollokshields, Shawlands",55.8417,-4.2891,The Good Coffee Cartel,Coffee Shop,55.852104,-4.28723
290,"Pollokshields, Shawlands",55.8417,-4.2891,Toro Coffee,Coffee Shop,55.827888,-4.294233
291,"Pollokshields, Shawlands",55.8417,-4.2891,Costa Coffee,Coffee Shop,55.85456440209796,-4.276594519615173
292,"Pollokshields, Shawlands",55.8417,-4.2891,Crema Coffee,Coffee Shop,55.834543,-4.265636
293,"Pollokshields, Shawlands",55.8417,-4.2891,Buchta Coffee,Café,55.841352,-4.263249
294,"Pollokshields, Shawlands",55.8417,-4.2891,Spill the Beans!,Coffee Shop,55.82982713512851,-4.280826794918975
295,"Battlefield, Govanhill, Mount Florida, Strathbungo (part), Toryglen",55.8319,-4.2506,Costa Coffee,Coffee Shop,55.82625047158328,-4.264862537384033
296,"Battlefield, Govanhill, Mount Florida, Strathbungo (part), Toryglen",55.8319,-4.2506,Corner Store Coffee Bar,Coffee Shop,55.825733,-4.2647457
297,"Battlefield, Govanhill, Mount Florida, Strathbungo (part), Toryglen",55.8319,-4.2506,Matthew Algie Glasgow Roastery & Coffee School,Factory,55.840542829761446,-4.248117506504059
298,"Battlefield, Govanhill, Mount Florida, Strathbungo (part), Toryglen",55.8319,-4.2506,Coffee Suppliers UK | Caffe V Coffee,Coffee Shop,55.84145821802204,-4.247331619262695
299,"Battlefield, Govanhill, Mount Florida, Strathbungo (part), Toryglen",55.8319,-4.2506,Coffee patisserie,Café,55.83865080072518,-4.2638708200267335
300,"Battlefield, Govanhill, Mount Florida, Strathbungo (part), Toryglen",55.8319,-4.2506,Crema Coffee,Coffee Shop,55.834543,-4.265636
301,"Battlefield, Govanhill, Mount Florida, Strathbungo (part), Toryglen",55.8319,-4.2506,Tapa Coffeehouse,Coffee Shop,55.83602200368489,-4.271009683744354
302,"Battlefield, Govanhill, Mount Florida, Strathbungo (part), Toryglen",55.8319,-4.2506,Buchta Coffee,Café,55.841352,-4.263249
303,"Battlefield, Govanhill, Mount Florida, Strathbungo (part), Toryglen",55.8319,-4.2506,Coffeescene,Coffee Shop,55.82688467778012,-4.265851706608237
304,"Mansewood, Newlands, Pollokshaws",55.8191,-4.3003,Toro Coffee,Coffee Shop,55.827888,-4.294233
305,"Cathcart, Simshill, Croftfoot, King's Park, Muirend, Netherlee",55.8151,-4.2553,Costa Coffee,Coffee Shop,55.82625047158328,-4.264862537384033
306,"Cathcart, Simshill, Croftfoot, King's Park, Muirend, Netherlee",55.8151,-4.2553,Corner Store Coffee Bar,Coffee Shop,55.825733,-4.2647457
307,"Cathcart, Simshill, Croftfoot, King's Park, Muirend, Netherlee",55.8151,-4.2553,Cafe Castello Coffee House,,55.816583,-4.258341
308,"Cathcart, Simshill, Croftfoot, King's Park, Muirend, Netherlee",55.8151,-4.2553,Coffeescene,Coffee Shop,55.82688467778012,-4.265851706608237
309,Castlemilk,55.8018,-4.2347,Laura's Tea Rooms,Tea Room,55.790304274613945,-4.236903190612793
310,"Arden, Carnwadric, Deaconsbank, Giffnock, Kennishead, Thornliebank",55.7993,-4.3081,Fenwicks Coffee Shop,Café,55.796663,-4.29932
311,"Govan, Ibrox, Drumoyne, Kinning Park",55.8626,-4.3295,Meadow Road Coffee,Coffee Shop,55.87068676912028,-4.316776970852891
312,"Govan, Ibrox, Drumoyne, Kinning Park",55.8626,-4.3295,Costa Coffee,Coffee Shop,55.866895,-4.335967
313,"Govan, Ibrox, Drumoyne, Kinning Park",55.8626,-4.3295,Coffee Patisserie,Café,55.87086813914529,-4.305887294662935
314,"Govan, Ibrox, Drumoyne, Kinning Park",55.8626,-4.3295,Coffee Culture Cafe,Café,55.87085291691729,-4.305948685945293
315,"Govan, Ibrox, Drumoyne, Kinning Park",55.8626,-4.3295,Space Coffee House,Coffee Shop,55.870691,-4.314455
316,"Govan, Ibrox, Drumoyne, Kinning Park",55.8626,-4.3295,Tea Garden Coffee House,Coffee Shop,55.87094367890665,-4.305754493375664
317,"Govan, Ibrox, Drumoyne, Kinning Park",55.8626,-4.3295,McDonald's,Fast Food Restaurant,55.86617080786951,-4.31135179412256
318,"Cardonald, Hillington, Penilee, Mosspark",55.8508,-4.3498,none,none,0.0,0.0
319,"Darnley, Pollok, Crookston, Parkhouse, Priesthill, Nitshill, Southpark",55.8199,-4.3559,Costa Coffee,Coffee Shop,55.82243197185396,-4.341279730779908
320,"Darnley, Pollok, Crookston, Parkhouse, Priesthill, Nitshill, Southpark",55.8199,-4.3559,Coffee Republic,Coffee Shop,55.82240541650125,-4.3412089347839355
321,"Darnley, Pollok, Crookston, Parkhouse, Priesthill, Nitshill, Southpark",55.8199,-4.3559,Costa Coffee,Coffee Shop,55.803970972090866,-4.341010582320254
322,"Darnley, Pollok, Crookston, Parkhouse, Priesthill, Nitshill, Southpark",55.8199,-4.3559,Starbucks,Coffee Shop,55.820678,-4.341664
323,Rutherglen,55.825,-4.2089,Costa Coffee,Coffee Shop,55.83462642189067,-4.210375798168572
324,Rutherglen,55.825,-4.2089,coffee per favore,Café,55.82829851757117,-4.217450242525035
325,Rutherglen,55.825,-4.2089,Big Coffee Cup,Café,55.82820291482269,-4.210677836907758
326,Rutherglen,55.825,-4.2089,Costa Coffee,Coffee Shop,55.832806,-4.194117
0,Merchant City,55.8586,-4.2456,Kezban Mediterranean Restaurant,Mediterranean Restaurant,55.857076,-4.243293
1,Merchant City,55.8586,-4.2456,Windows Restaurant at the Carlton George,Diner,55.861946730469136,-4.253082275390625
2,Merchant City,55.8586,-4.2456,Citation Taverne & Restaurant,Bar,55.858793476681406,-4.247261234428406
3,Merchant City,55.8586,-4.2456,Guys Restaurant,Restaurant,55.85785119922759,-4.246121435547223
4,Merchant City,55.8586,-4.2456,The Restaurant Bar and Grill,Restaurant,55.859270455244356,-4.253622367617138
5,Merchant City,55.8586,-4.2456,Bill's Restaurant,English Restaurant,55.86090548509913,-4.255365322497676
6,Merchant City,55.8586,-4.2456,Esca Restaurant,Italian Restaurant,55.85643299477752,-4.245352916242323
7,Merchant City,55.8586,-4.2456,Eliá Greek Restaurant,Greek Restaurant,55.861239117174314,-4.250873189903407
8,Merchant City,55.8586,-4.2456,Restaurant Jurys Inn,Eastern European Restaurant,55.856651,-4.256972
9,Merchant City,55.8586,-4.2456,Cantina del Rey Mexican Restaurant,Mexican Restaurant,55.855636311694674,-4.246258735656738
10,Merchant City,55.8586,-4.2456,Debenhams Restaurant,Restaurant,55.857251,-4.250783
11,Merchant City,55.8586,-4.2456,Tivoli Restaurant,Café,55.85659684253492,-4.250137138217566
12,Merchant City,55.8586,-4.2456,Dim Sum Restaurant,Dumpling Restaurant,55.862462,-4.255083
13,Merchant City,55.8586,-4.2456,Debenhams Restaurant,Restaurant,55.857515,-4.251474
14,Merchant City,55.8586,-4.2456,Scholars Restaurant,Restaurant,55.86346648834406,-4.2458759117493345
15,Merchant City,55.8586,-4.2456,African Restaurant & Bar,African Restaurant,55.859277,-4.256636
16,Merchant City,55.8586,-4.2456,China Sea restaurant,Chinese Restaurant,55.861332593512074,-4.255979061126709
17,Merchant City,55.8586,-4.2456,Zizzi,Italian Restaurant,55.85923845053728,-4.253706159631424
18,Merchant City,55.8586,-4.2456,Coronation Cafe,Food,55.85593959602576,-4.242283184626544
19,Merchant City,55.8586,-4.2456,Bosphorus Turkish,Turkish Restaurant,55.863154,-4.251545
20,Merchant City,55.8586,-4.2456,Thai Lemongrass,Thai Restaurant,55.865143424027266,-4.2549967244458315
21,Merchant City,55.8586,-4.2456,Cosmo Restaurants Glasgow,Restaurant,55.85667206141649,-4.253082275390625
22,Merchant City,55.8586,-4.2456,Amalfi Restaurante,Italian Restaurant,55.86459149573897,-4.254265102528898
23,"Blythswood Hill, Anderston (part)",55.8636,-4.2612,Tempus Bar and Restaurant | Grand Central Hotel,Bar,55.85994043658601,-4.258971294435055
24,"Blythswood Hill, Anderston (part)",55.8636,-4.2612,Loon Fung Authentic Cantonese Restaurant | 龍鳫大洒樓,Cantonese Restaurant,55.86570492723553,-4.268901905635041
25,"Blythswood Hill, Anderston (part)",55.8636,-4.2612,Windows Restaurant at the Carlton George,Diner,55.861946730469136,-4.253082275390625
26,"Blythswood Hill, Anderston (part)",55.8636,-4.2612,Bill's Restaurant,English Restaurant,55.86090548509913,-4.255365322497676
27,"Blythswood Hill, Anderston (part)",55.8636,-4.2612,Morblas Restaurant,Restaurant,55.861413703363056,-4.269321289390539
28,"Blythswood Hill, Anderston (part)",55.8636,-4.2612,The Restaurant Bar and Grill,Restaurant,55.859270455244356,-4.253622367617138
29,"Blythswood Hill, Anderston (part)",55.8636,-4.2612,Eliá Greek Restaurant,Greek Restaurant,55.861239117174314,-4.250873189903407
30,"Blythswood Hill, Anderston (part)",55.8636,-4.2612,Red Leaf Restaurant - Alea Casino - Glasgow,Restaurant,55.8618320330005,-4.25951158699957
31,"Blythswood Hill, Anderston (part)",55.8636,-4.2612,Dim Sum Restaurant,Dumpling Restaurant,55.862462,-4.255083
32,"Blythswood Hill, Anderston (part)",55.8636,-4.2612,California restaurant,Halal Restaurant,55.865515486211805,-4.263683761895682
33,"Blythswood Hill, Anderston (part)",55.8636,-4.2612,New City Palace Chinese Restaurant,Chinese Restaurant,55.864439,-4.256387
34,"Blythswood Hill, Anderston (part)",55.8636,-4.2612,Canton Chinese Restaurant,Asian Restaurant,55.866375,-4.259419
35,"Blythswood Hill, Anderston (part)",55.8636,-4.2612,Torres Tapas Restaurant,Spanish Restaurant,55.865685,-4.265422
36,"Blythswood Hill, Anderston (part)",55.8636,-4.2612,China Sea restaurant,Chinese Restaurant,55.861332593512074,-4.255979061126709
37,"Blythswood Hill, Anderston (part)",55.8636,-4.2612,Kamasutra Indo Tapas Restaurant Glasgow,Indian Restaurant,55.86620327565143,-4.26657646894455
38,"Blythswood Hill, Anderston (part)",55.8636,-4.2612,Marcellos Restaurant,Restaurant,55.865393529466544,-4.268078210676365
39,"Blythswood Hill, Anderston (part)",55.8636,-4.2612,Loon Fung Cantonese Restaurant,Chinese Restaurant,55.865716018799816,-4.268138474678408
40,"Blythswood Hill, Anderston (part)",55.8636,-4.2612,Blythswood Square,Hotel,55.863429164125456,-4.262201891743399
41,"Blythswood Hill, Anderston (part)",55.8636,-4.2612,African Restaurant & Bar,African Restaurant,55.859277,-4.256636
42,"Blythswood Hill, Anderston (part)",55.8636,-4.2612,Collage Restaurant,Restaurant,55.85876363657724,-4.260835759102655
43,"Blythswood Hill, Anderston (part)",55.8636,-4.2612,Chinatown Restaurant,Chinese Restaurant,55.86858318180498,-4.264849462562223
44,"Blythswood Hill, Anderston (part)",55.8636,-4.2612,Heera Indian Restaurant,Indian Restaurant,55.864776451797425,-4.272286891937256
45,"Blythswood Hill, Anderston (part)",55.8636,-4.2612,Heera Indian Restaurant,Indian Restaurant,55.86472828805246,-4.272716045379639
46,"Blythswood Hill, Anderston (part)",55.8636,-4.2612,Debenhams Restaurant,Restaurant,55.857515,-4.251474
47,"Blythswood Hill, Anderston (part)",55.8636,-4.2612,Assam's,Indian Restaurant,55.86311,-4.256551466666666
48,"Blythswood Hill, Anderston (part)",55.8636,-4.2612,Zizzi,Italian Restaurant,55.85923845053728,-4.253706159631424
49,"Blythswood Hill, Anderston (part)",55.8636,-4.2612,Thai Lemongrass,Thai Restaurant,55.865143424027266,-4.2549967244458315
50,"Blythswood Hill, Anderston (part)",55.8636,-4.2612,Collage Corner Bar,Cocktail Bar,55.85860585373856,-4.259437691958936
51,"Blythswood Hill, Anderston (part)",55.8636,-4.2612,The Buttery,Restaurant,55.86094667476646,-4.272128344783354
52,"Blythswood Hill, Anderston (part)",55.8636,-4.2612,Bosphorus Turkish,Turkish Restaurant,55.863154,-4.251545
53,"Blythswood Hill, Anderston (part)",55.8636,-4.2612,Shenaz,Indian Restaurant,55.8652722607673,-4.2740193714563235
54,"Blythswood Hill, Anderston (part)",55.8636,-4.2612,Amalfi Restaurante,Italian Restaurant,55.86459149573897,-4.254265102528898
55,"Anderston, Finnieston, Garnethill, Park, Woodlands (part), Yorkhill",55.8644,-4.2780000000000005,Loon Fung Authentic Cantonese Restaurant | 龍鳫大洒樓,Cantonese Restaurant,55.86570492723553,-4.268901905635041
56,"Anderston, Finnieston, Garnethill, Park, Woodlands (part), Yorkhill",55.8644,-4.2780000000000005,The Finnieston Bar & Restaurant,Bar,55.86478218137056,-4.284141720589272
57,"Anderston, Finnieston, Garnethill, Park, Woodlands (part), Yorkhill",55.8644,-4.2780000000000005,Morblas Restaurant,Restaurant,55.861413703363056,-4.269321289390539
58,"Anderston, Finnieston, Garnethill, Park, Woodlands (part), Yorkhill",55.8644,-4.2780000000000005,Cubatas Tapas Bar & Restaurant,Tapas Restaurant,55.864854701671455,-4.275920181977244
59,"Anderston, Finnieston, Garnethill, Park, Woodlands (part), Yorkhill",55.8644,-4.2780000000000005,Shilla Korean Restaurant,Korean Restaurant,55.865102359161824,-4.285422641734979
60,"Anderston, Finnieston, Garnethill, Park, Woodlands (part), Yorkhill",55.8644,-4.2780000000000005,Heera Indian Restaurant,Indian Restaurant,55.86472828805246,-4.272716045379639
61,"Anderston, Finnieston, Garnethill, Park, Woodlands (part), Yorkhill",55.8644,-4.2780000000000005,Heera Indian Restaurant,Indian Restaurant,55.864776451797425,-4.272286891937256
62,"Anderston, Finnieston, Garnethill, Park, Woodlands (part), Yorkhill",55.8644,-4.2780000000000005,U Jarka Restaurant,Eastern European Restaurant,55.86737333112564,-4.2845895122567095
63,"Anderston, Finnieston, Garnethill, Park, Woodlands (part), Yorkhill",55.8644,-4.2780000000000005,Loon Fung Cantonese Restaurant,Chinese Restaurant,55.865716018799816,-4.268138474678408
64,"Anderston, Finnieston, Garnethill, Park, Woodlands (part), Yorkhill",55.8644,-4.2780000000000005,Marcellos Restaurant,Restaurant,55.865393529466544,-4.268078210676365
65,"Anderston, Finnieston, Garnethill, Park, Woodlands (part), Yorkhill",55.8644,-4.2780000000000005,The Mariner Restaurant,Hotel,55.8586999930005,-4.28396994299959
66,"Anderston, Finnieston, Garnethill, Park, Woodlands (part), Yorkhill",55.8644,-4.2780000000000005,Gregg Wallace Seasonal Restaurant,Restaurant,55.86094521461367,-4.287927608170581
67,"Anderston, Finnieston, Garnethill, Park, Woodlands (part), Yorkhill",55.8644,-4.2780000000000005,Kamasutra Indo Tapas Restaurant Glasgow,Indian Restaurant,55.86620327565143,-4.26657646894455
68,"Anderston, Finnieston, Garnethill, Park, Woodlands (part), Yorkhill",55.8644,-4.2780000000000005,Torres Tapas Restaurant,Spanish Restaurant,55.865685,-4.265422
69,"Anderston, Finnieston, Garnethill, Park, Woodlands (part), Yorkhill",55.8644,-4.2780000000000005,California restaurant,Halal Restaurant,55.865515486211805,-4.263683761895682
70,"Anderston, Finnieston, Garnethill, Park, Woodlands (part), Yorkhill",55.8644,-4.2780000000000005,Scotts Restaurant,,55.8692656,-4.2898495
71,"Anderston, Finnieston, Garnethill, Park, Woodlands (part), Yorkhill",55.8644,-4.2780000000000005,Shenaz,Indian Restaurant,55.8652722607673,-4.2740193714563235
72,"Anderston, Finnieston, Garnethill, Park, Woodlands (part), Yorkhill",55.8644,-4.2780000000000005,The Buttery,Restaurant,55.86094667476646,-4.272128344783354
73,"Calton (part), Cowcaddens (part), Drygate, Kelvinbridge, Townhead, Woodlands (part), Woodside (part)",55.871,-4.2494,SeeWoo Seafood Restaurant,Asian Restaurant,55.87678081116696,-4.253663412672311
74,"Calton (part), Cowcaddens (part), Drygate, Kelvinbridge, Townhead, Woodlands (part), Woodside (part)",55.871,-4.2494,Dim Sum Restaurant,Dumpling Restaurant,55.862462,-4.255083
75,"Calton (part), Cowcaddens (part), Drygate, Kelvinbridge, Townhead, Woodlands (part), Woodside (part)",55.871,-4.2494,Canton Chinese Restaurant,Asian Restaurant,55.866375,-4.259419
76,"Calton (part), Cowcaddens (part), Drygate, Kelvinbridge, Townhead, Woodlands (part), Woodside (part)",55.871,-4.2494,Scholars Restaurant,Restaurant,55.86346648834406,-4.2458759117493345
77,"Calton (part), Cowcaddens (part), Drygate, Kelvinbridge, Townhead, Woodlands (part), Woodside (part)",55.871,-4.2494,Thai Lemongrass,Thai Restaurant,55.865143424027266,-4.2549967244458315
78,"Calton (part), Cowcaddens (part), Drygate, Kelvinbridge, Townhead, Woodlands (part), Woodside (part)",55.871,-4.2494,Bosphorus Turkish,Turkish Restaurant,55.863154,-4.251545
79,"Calton (part), Cowcaddens (part), Drygate, Kelvinbridge, Townhead, Woodlands (part), Woodside (part)",55.871,-4.2494,Amalfi Restaurante,Italian Restaurant,55.86459149573897,-4.254265102528898
80,Gorbals,55.8433,-4.245,none,none,0.0,0.0
81,"Broomhill, Partick, Partickhill",55.8742,-4.3166,The Square Bar And Restaurant,French Restaurant,55.8761381,-4.3238056
82,"Broomhill, Partick, Partickhill",55.8742,-4.3166,Salsa Restaurante Mexicano,Mexican Restaurant,55.873890411598076,-4.317003641214675
83,"Broomhill, Partick, Partickhill",55.8742,-4.3166,Cottiers,Pub,55.87415098653745,-4.302050116179974
84,"West End (part), Cleveden, Dowanhill, Hillhead, Hyndland, Kelvindale, Botanic Gardens, University of Glasgow",55.8803,-4.3028,Cottiers,Pub,55.87415098653745,-4.302050116179974
85,"Anniesland, Knightswood, Yoker",55.8985,-4.3391,none,none,0.0,0.0
86,"Whiteinch, Scotstoun",55.8787,-4.3469999999999995,none,none,0.0,0.0
87,Drumchapel,55.9115,-4.3672,none,none,0.0,0.0
88,"Maryhill, North Kelvinside, Ruchill",55.8919,-4.2898,none,none,0.0,0.0
89,"Balornock, Barmulloch, Cowlairs, Royston, Springburn, Sighthill",55.8805,-4.2177,none,none,0.0,0.0
90,"Milton, Parkhouse, Possilpark",55.8905,-4.2489,none,none,0.0,0.0
91,"Lambhill, Summerston",55.9122,-4.2672,none,none,0.0,0.0
92,"Dennistoun, Haghill, Parkhead (part)",55.8559,-4.2027,Walfrid Restaurant,Restaurant,55.84921723134347,-4.205665853917754
93,"Carmyle, Tollcross, Mount Vernon, Lightburn, Sandyhills, Shettleston, Springboig",55.8487,-4.1683,none,none,0.0,0.0
94,"Cardowan, Carntyne, Craigend, Cranhill, Garthamlock, Millerston, Provanmill, Queenslie, Riddrie, Robroyston, Ruchazie, Stepps, Wellhouse",55.8825,-4.1588,none,none,0.0,0.0
95,"Easterhouse, Easthall, Provanhall",55.8702,-4.1089,none,none,0.0,0.0
96,"Bridgeton, Calton, Dalmarnock",55.8443,-4.2156,Walfrid Restaurant,Restaurant,55.84921723134347,-4.205665853917754
97,"Pollokshields, Shawlands",55.8417,-4.2891,amore restaurant,Italian Restaurant,55.84349514991116,-4.274679310216956
98,"Battlefield, Govanhill, Mount Florida, Strathbungo (part), Toryglen",55.8319,-4.2506,none,none,0.0,0.0
99,"Mansewood, Newlands, Pollokshaws",55.8191,-4.3003,none,none,0.0,0.0
100,"Cathcart, Simshill, Croftfoot, King's Park, Muirend, Netherlee",55.8151,-4.2553,Barbarossa,Italian Restaurant,55.81780889302797,-4.261559953856665
101,Castlemilk,55.8018,-4.2347,none,none,0.0,0.0
102,"Arden, Carnwadric, Deaconsbank, Giffnock, Kennishead, Thornliebank",55.7993,-4.3081,none,none,0.0,0.0
103,"Govan, Ibrox, Drumoyne, Kinning Park",55.8626,-4.3295,none,none,0.0,0.0
104,"Cardonald, Hillington, Penilee, Mosspark",55.8508,-4.3498,none,none,0.0,0.0
105,"Darnley, Pollok, Crookston, Parkhouse, Priesthill, Nitshill, Southpark",55.8199,-4.3559,none,none,0.0,0.0
106,Rutherglen,55.825,-4.2089,none,none,0.0,0.0
