,Neighbourhood,Latitude,Longitude,Venue_Name,Venue_Cat,Venue_Lat,Venue_Lng
0,"Bankside, South Bank, Lambeth (part), Southwark, Bermondsey (part), Vauxhall (part), Old Kent Road (part)",51.4996,-0.09613,Monmouth Coffee Company,Coffee Shop,51.505536,-0.09148
1,"Bankside, South Bank, Lambeth (part), Southwark, Bermondsey (part), Vauxhall (part), Old Kent Road (part)",51.4996,-0.09613,Costa Coffee,Coffee Shop,51.50375958183714,-0.08501443897802416
2,"Bankside, South Bank, Lambeth (part), Southwark, Bermondsey (part), Vauxhall (part), Old Kent Road (part)",51.4996,-0.09613,Costa Coffee,Coffee Shop,51.50423659998283,-0.08174614724029487
3,"Bankside, South Bank, Lambeth (part), Southwark, Bermondsey (part), Vauxhall (part), Old Kent Road (part)",51.4996,-0.09613,Costa Coffee,Coffee Shop,51.504662537377655,-0.09088023064683254
4,"Bankside, South Bank, Lambeth (part), Southwark, Bermondsey (part), Vauxhall (part), Old Kent Road (part)",51.4996,-0.09613,Costa Coffee,Coffee Shop,51.50318004562804,-0.11264348734111061
5,"Bankside, South Bank, Lambeth (part), Southwark, Bermondsey (part), Vauxhall (part), Old Kent Road (part)",51.4996,-0.09613,Flat Cap Coffee Co.,Coffee Shop,51.50549761433381,-0.08952567417642207
6,"Bankside, South Bank, Lambeth (part), Southwark, Bermondsey (part), Vauxhall (part), Old Kent Road (part)",51.4996,-0.09613,Three Wheels Coffee,Coffee Shop,51.50473121810717,-0.08688928607822084
7,"Bankside, South Bank, Lambeth (part), Southwark, Bermondsey (part), Vauxhall (part), Old Kent Road (part)",51.4996,-0.09613,Coffee @ The Castle,Café,51.49476503391922,-0.10177552175970374
8,"Bankside, South Bank, Lambeth (part), Southwark, Bermondsey (part), Vauxhall (part), Old Kent Road (part)",51.4996,-0.09613,Costa Coffee,Coffee Shop,51.514924042108454,-0.09047060725899658
9,"Bankside, South Bank, Lambeth (part), Southwark, Bermondsey (part), Vauxhall (part), Old Kent Road (part)",51.4996,-0.09613,AMT Coffee,Coffee Shop,51.49997320903263,-0.11897431613749751
10,"Bankside, South Bank, Lambeth (part), Southwark, Bermondsey (part), Vauxhall (part), Old Kent Road (part)",51.4996,-0.09613,Costa Coffee,Coffee Shop,51.51307450150601,-0.1042515760569992
11,"Bankside, South Bank, Lambeth (part), Southwark, Bermondsey (part), Vauxhall (part), Old Kent Road (part)",51.4996,-0.09613,Birds Hill Coffee,Coffee Shop,51.501606,-0.09440873
12,"Bankside, South Bank, Lambeth (part), Southwark, Bermondsey (part), Vauxhall (part), Old Kent Road (part)",51.4996,-0.09613,AMT Coffee,Coffee Shop,51.504828212712006,-0.08618824763700117
13,"Bankside, South Bank, Lambeth (part), Southwark, Bermondsey (part), Vauxhall (part), Old Kent Road (part)",51.4996,-0.09613,Soho Coffee Co,Coffee Shop,51.51338359856738,-0.09943924157528768
14,"Bankside, South Bank, Lambeth (part), Southwark, Bermondsey (part), Vauxhall (part), Old Kent Road (part)",51.4996,-0.09613,Roasting Plant Coffee,Coffee Shop,51.506257208814645,-0.08835190702768035
15,"Bankside, South Bank, Lambeth (part), Southwark, Bermondsey (part), Vauxhall (part), Old Kent Road (part)",51.4996,-0.09613,Costa Coffee,Coffee Shop,51.50476681331239,-0.11352908168467384
16,"Bankside, South Bank, Lambeth (part), Southwark, Bermondsey (part), Vauxhall (part), Old Kent Road (part)",51.4996,-0.09613,Association Coffee,Coffee Shop,51.514170445450446,-0.10302983712020002
17,"Bankside, South Bank, Lambeth (part), Southwark, Bermondsey (part), Vauxhall (part), Old Kent Road (part)",51.4996,-0.09613,Origin Coffee,Coffee Shop,51.504326,-0.103555
18,"Bankside, South Bank, Lambeth (part), Southwark, Bermondsey (part), Vauxhall (part), Old Kent Road (part)",51.4996,-0.09613,Lazy Coffee,Food Truck,51.511548,-0.088261
19,"Bankside, South Bank, Lambeth (part), Southwark, Bermondsey (part), Vauxhall (part), Old Kent Road (part)",51.4996,-0.09613,Costa Coffee,Coffee Shop,51.513898296474885,-0.10107132252061228
20,"Bankside, South Bank, Lambeth (part), Southwark, Bermondsey (part), Vauxhall (part), Old Kent Road (part)",51.4996,-0.09613,Costa Coffee,Coffee Shop,51.507765649093464,-0.11332702409990071
21,"Bankside, South Bank, Lambeth (part), Southwark, Bermondsey (part), Vauxhall (part), Old Kent Road (part)",51.4996,-0.09613,Craft Coffee Cart,Coffee Shop,51.49947777444718,-0.0758859874601649
22,"Bankside, South Bank, Lambeth (part), Southwark, Bermondsey (part), Vauxhall (part), Old Kent Road (part)",51.4996,-0.09613,Costa Coffee,Coffee Shop,51.51471263124064,-0.0967051174700917
23,"Bankside, South Bank, Lambeth (part), Southwark, Bermondsey (part), Vauxhall (part), Old Kent Road (part)",51.4996,-0.09613,Costa Coffee,Coffee Shop,51.513018220780005,-0.09360636225691218
24,"Bankside, South Bank, Lambeth (part), Southwark, Bermondsey (part), Vauxhall (part), Old Kent Road (part)",51.4996,-0.09613,Esquires Coffee,Coffee Shop,51.51029122881367,-0.09383764895662865
25,"Bankside, South Bank, Lambeth (part), Southwark, Bermondsey (part), Vauxhall (part), Old Kent Road (part)",51.4996,-0.09613,Costa Coffee,Coffee Shop,51.50247354791685,-0.09241381103990964
26,"Bankside, South Bank, Lambeth (part), Southwark, Bermondsey (part), Vauxhall (part), Old Kent Road (part)",51.4996,-0.09613,Mouse Tail Coffee,Coffee Shop,51.501846,-0.09220697
27,"Bankside, South Bank, Lambeth (part), Southwark, Bermondsey (part), Vauxhall (part), Old Kent Road (part)",51.4996,-0.09613,Black Sheep Coffee,Coffee Shop,51.50562017941377,-0.09941156512392332
28,"Bankside, South Bank, Lambeth (part), Southwark, Bermondsey (part), Vauxhall (part), Old Kent Road (part)",51.4996,-0.09613,Notes Coffee Barrows,Coffee Shop,51.511420276479434,-0.08839923102867493
29,"Bankside, South Bank, Lambeth (part), Southwark, Bermondsey (part), Vauxhall (part), Old Kent Road (part)",51.4996,-0.09613,The Coffee House,Coffee Shop,51.504007,-0.094674
30,"Bankside, South Bank, Lambeth (part), Southwark, Bermondsey (part), Vauxhall (part), Old Kent Road (part)",51.4996,-0.09613,Costa Coffee,Coffee Shop,51.505071361155814,-0.10130013087243818
31,"Bankside, South Bank, Lambeth (part), Southwark, Bermondsey (part), Vauxhall (part), Old Kent Road (part)",51.4996,-0.09613,Costa Coffee,Coffee Shop,51.499002289015394,-0.11228543164636565
32,"Bankside, South Bank, Lambeth (part), Southwark, Bermondsey (part), Vauxhall (part), Old Kent Road (part)",51.4996,-0.09613,Costa Coffee,Coffee Shop,51.51087918268795,-0.08691739223218992
33,"Bankside, South Bank, Lambeth (part), Southwark, Bermondsey (part), Vauxhall (part), Old Kent Road (part)",51.4996,-0.09613,Igor's Coffee,Food Truck,51.508269281074654,-0.11135127818307992
34,"Bankside, South Bank, Lambeth (part), Southwark, Bermondsey (part), Vauxhall (part), Old Kent Road (part)",51.4996,-0.09613,FCB Coffee,Coffee Shop,51.50857847937478,-0.10281580935644521
35,"Bankside, South Bank, Lambeth (part), Southwark, Bermondsey (part), Vauxhall (part), Old Kent Road (part)",51.4996,-0.09613,Coffee Republic,Coffee Shop,51.512298,-0.103688
36,"Bankside, South Bank, Lambeth (part), Southwark, Bermondsey (part), Vauxhall (part), Old Kent Road (part)",51.4996,-0.09613,Coleman Coffee Roasters,Coffee Shop,51.500636,-0.112947
37,"Bankside, South Bank, Lambeth (part), Southwark, Bermondsey (part), Vauxhall (part), Old Kent Road (part)",51.4996,-0.09613,Costa Coffee,Coffee Shop,51.50567357418908,-0.08325864550732824
38,"Bankside, South Bank, Lambeth (part), Southwark, Bermondsey (part), Vauxhall (part), Old Kent Road (part)",51.4996,-0.09613,Sidecar Coffee Bar,Coffee Shop,51.492127774893426,-0.09901009760432411
39,"Bankside, South Bank, Lambeth (part), Southwark, Bermondsey (part), Vauxhall (part), Old Kent Road (part)",51.4996,-0.09613,80 Stone Coffee,Coffee Shop,51.49844,-0.104662
40,"Bankside, South Bank, Lambeth (part), Southwark, Bermondsey (part), Vauxhall (part), Old Kent Road (part)",51.4996,-0.09613,Notes Coffee Barrows,Coffee Shop,51.51409489806739,-0.1099574249329363
41,"Bankside, South Bank, Lambeth (part), Southwark, Bermondsey (part), Vauxhall (part), Old Kent Road (part)",51.4996,-0.09613,The Colombian Coffee Company,Coffee Shop,51.50571148261888,-0.08982208621558138
42,"Bankside, South Bank, Lambeth (part), Southwark, Bermondsey (part), Vauxhall (part), Old Kent Road (part)",51.4996,-0.09613,Costa Coffee,Coffee Shop,51.50325375236831,-0.10683648438269516
43,"Bankside, South Bank, Lambeth (part), Southwark, Bermondsey (part), Vauxhall (part), Old Kent Road (part)",51.4996,-0.09613,Complete Coffee,Office,51.50368,-0.091396
44,"Bankside, South Bank, Lambeth (part), Southwark, Bermondsey (part), Vauxhall (part), Old Kent Road (part)",51.4996,-0.09613,Costa Coffee,Coffee Shop,51.50128517041627,-0.10459316230692346
45,"Bankside, South Bank, Lambeth (part), Southwark, Bermondsey (part), Vauxhall (part), Old Kent Road (part)",51.4996,-0.09613,Black Sheep Coffee,Coffee Shop,51.5074387376514,-0.10714636924604372
46,"Bankside, South Bank, Lambeth (part), Southwark, Bermondsey (part), Vauxhall (part), Old Kent Road (part)",51.4996,-0.09613,Coffee Culture,Breakfast Spot,51.503048658919134,-0.11597967181503623
47,"Bankside, South Bank, Lambeth (part), Southwark, Bermondsey (part), Vauxhall (part), Old Kent Road (part)",51.4996,-0.09613,Costa Coffee,Coffee Shop,51.51119181309346,-0.10345221853215547
48,"Bankside, South Bank, Lambeth (part), Southwark, Bermondsey (part), Vauxhall (part), Old Kent Road (part)",51.4996,-0.09613,Black Sheep Coffee,Coffee Shop,51.51075425173421,-0.08389058453912948
49,"Bankside, South Bank, Lambeth (part), Southwark, Bermondsey (part), Vauxhall (part), Old Kent Road (part)",51.4996,-0.09613,Coffee Allans,Café,51.505114715820596,-0.08427637834629569
50,,51.50642,-0.12721,Monmouth Coffee Company,Coffee Shop,51.514314,-0.126824
51,,51.50642,-0.12721,Costa Coffee,Coffee Shop,51.50896578159291,-0.13658616852203312
52,,51.50642,-0.12721,Costa Coffee,Coffee Shop,51.50879033505443,-0.13388720503979742
53,,51.50642,-0.12721,Costa Coffee,Coffee Shop,51.50730858076348,-0.12279268681923348
54,,51.50642,-0.12721,TAP Coffee No. 193,Coffee Shop,51.51550905,-0.13578831
55,,51.50642,-0.12721,Department of Coffee and Social Affairs,Coffee Shop,51.51087965006803,-0.13587449918057187
56,,51.50642,-0.12721,Ralph's Coffee & Bar,Café,51.51219425144683,-0.13992934827601594
57,,51.50642,-0.12721,Crosstown Doughnuts & Coffee,Donut Shop,51.514042566300574,-0.1346042713774741
58,,51.50642,-0.12721,Costa Coffee,Coffee Shop,51.507644428472375,-0.1270757830083151
59,,51.50642,-0.12721,Coffee Geek and Friends,Coffee Shop,51.497637766011685,-0.14152261249881912
60,,51.50642,-0.12721,Costa Coffee,Coffee Shop,51.50318004562804,-0.11264348734111061
61,,51.50642,-0.12721,Costa Coffee,Coffee Shop,51.517563,-0.120121725
62,,51.50642,-0.12721,Soho Coffee company,Coffee Shop,51.51537503662551,-0.11906732155337466
63,,51.50642,-0.12721,Costa Coffee,Coffee Shop,51.51115239980299,-0.1256779215913941
64,,51.50642,-0.12721,Costa Coffee,Coffee Shop,51.51573111967288,-0.14068655684295295
65,,51.50642,-0.12721,Costa Coffee,Coffee Shop,51.51475276642239,-0.14090585711763323
66,,51.50642,-0.12721,Costa Coffee,Coffee Shop,51.514071861530866,-0.12476381471489859
67,,51.50642,-0.12721,AMT Coffee,Coffee Shop,51.49997320903263,-0.11897431613749751
68,,51.50642,-0.12721,Hej Coffee,Coffee Shop,51.511265,-0.117505
69,,51.50642,-0.12721,Costa Coffee,Coffee Shop,51.49707313663782,-0.1413876188745272
70,,51.50642,-0.12721,The Old Coffee House,Pub,51.51262085770566,-0.13734527426043697
71,,51.50642,-0.12721,Algerian Coffee Stores,Coffee Shop,51.51286473760223,-0.132083758630985
72,,51.50642,-0.12721,TAP Coffee No. 26,Coffee Shop,51.517795414768585,-0.13421120804327907
73,,51.50642,-0.12721,Flat Cap Coffee Co,Coffee Shop,51.49749647419568,-0.13385812172317216
74,,51.50642,-0.12721,Costa Coffee,Coffee Shop,51.51359089480928,-0.1178481570622197
75,,51.50642,-0.12721,Costa Coffee,Coffee Shop,51.50476681331239,-0.11352908168467384
76,,51.50642,-0.12721,Notes Music & Coffee,Coffee Shop,51.509696003098284,-0.12698537841552573
77,,51.50642,-0.12721,Press Coffee & Co.,Coffee Shop,51.515798,-0.111963
78,,51.50642,-0.12721,Coffee Island,Coffee Shop,51.51244860497684,-0.12718159455719136
79,,51.50642,-0.12721,Costa Coffee,Coffee Shop,51.507765649093464,-0.11332702409990071
80,,51.50642,-0.12721,Despatch Box Coffee Shop,Coffee Shop,51.50111406437572,-0.12474325755695803
81,,51.50642,-0.12721,AMT Coffee,Coffee Shop,51.51370664977727,-0.12480324765665209
82,,51.50642,-0.12721,Costa Coffee,Coffee Shop,51.49509318221339,-0.1438165039936379
83,,51.50642,-0.12721,The Somerset Coffee Bar,College Cafeteria,51.51137166465521,-0.11618093324612834
84,,51.50642,-0.12721,Notes Coffee,Coffee Shop,51.514181432851245,-0.1492141569492535
85,,51.50642,-0.12721,Costa Coffee,Coffee Shop,51.50093364186963,-0.12480467457557845
86,,51.50642,-0.12721,Double Shot Coffee Co.,Coffee Shop,51.512287,-0.120176
87,,51.50642,-0.12721,Press Coffee & Co,Coffee Shop,51.496168,-0.144373
88,,51.50642,-0.12721,2 Love Tea And Coffee,Coffee Shop,51.49608859432227,-0.1208228442967082
89,,51.50642,-0.12721,Better Coffee Corner,Coffee Shop,51.515705,-0.125915
90,,51.50642,-0.12721,Costa Coffee,Coffee Shop,51.49443003475631,-0.14526511968114056
91,,51.50642,-0.12721,Rachel's Nails & Coffee,Nail Salon,51.518882,-0.133927
92,,51.50642,-0.12721,Soho Coffee Club,Café,51.51527327636101,-0.1336811850511561
93,,51.50642,-0.12721,Coffee Republic,Coffee Shop,51.51460380934164,-0.14695511355036195
94,,51.50642,-0.12721,"Euro Coffee House, Duke Street",Coffee Shop,51.51305366586243,-0.15076662208510339
95,,51.50642,-0.12721,Notes Coffee Barrows,Coffee Shop,51.51553615403286,-0.1286883752591523
96,,51.50642,-0.12721,Ellamia Coffee,Coffee Shop,51.510506,-0.12679103
97,,51.50642,-0.12721,Sharps Coffee Bar,Coffee Shop,51.518808904913094,-0.1340059711003608
98,,51.50642,-0.12721,39 Steps Coffee Haus,Coffee Shop,51.51469679827596,-0.13592630624771115
99,,51.50642,-0.12721,International Coffee Organization,Office,51.517789676165556,-0.1368248462677002
100,"Abbey Wood, West Heath, Crossness, Thamesmead (part), Plumstead (part)",51.49245,0.12127,none,none,0.0,0.0
101,"Blackheath, Kidbrooke, Westcombe Park",51.471379999999996,0.02338,1st Coffee,Coffee Shop,51.46067561860985,0.02855240194548969
102,"Blackheath, Kidbrooke, Westcombe Park",51.471379999999996,0.02338,Costa Coffee,Coffee Shop,51.4666678238389,0.007592291196927815
103,"Blackheath, Kidbrooke, Westcombe Park",51.471379999999996,0.02338,Coffee Time,Coffee Shop,51.475445,0.037336
104,"Blackheath, Kidbrooke, Westcombe Park",51.471379999999996,0.02338,Caribou Coffee,Café,51.4691047668457,0.01460999995470047
105,"Blackheath, Kidbrooke, Westcombe Park",51.471379999999996,0.02338,The Old Cottage Coffee Shop,Coffee Shop,51.481604,0.040605
106,"Blackheath, Kidbrooke, Westcombe Park",51.471379999999996,0.02338,Table & Tent Coffee,Café,51.46544651800086,0.009426126122573363
107,"Blackheath, Kidbrooke, Westcombe Park",51.471379999999996,0.02338,Venezia Coffee @WCB,Coffee Shop,51.484102,0.018529
108,"Blackheath, Kidbrooke, Westcombe Park",51.471379999999996,0.02338,Centre Coffee Shop,Coffee Shop,51.457734,0.009857
109,"Brockley, Crofton Park",51.46268,-0.03558,Costa Coffee,Coffee Shop,51.47772,-0.025278814
110,"Brockley, Crofton Park",51.46268,-0.03558,Costa Coffee,Coffee Shop,51.462451944892905,-0.011730652407934984
111,"Brockley, Crofton Park",51.46268,-0.03558,Coffee Hit,Hardware Store,51.46539105930401,-0.04025459289550781
112,"Brockley, Crofton Park",51.46268,-0.03558,Matchbox Coffee Stand,Coffee Shop,51.464568928745685,-0.037550926208496094
113,"Brockley, Crofton Park",51.46268,-0.03558,Coffee!,Coffee Shop,51.46180959260326,-0.012106550395127104
114,"Brockley, Crofton Park",51.46268,-0.03558,Mughead Coffee,Coffee Shop,51.47586,-0.035706
115,"Brockley, Crofton Park",51.46268,-0.03558,The Coffee Room Deptford,Café,51.474926,-0.024322
116,"Brockley, Crofton Park",51.46268,-0.03558,Costa Coffee,Coffee Shop,51.47491653483146,-0.034669442521730896
117,"Brockley, Crofton Park",51.46268,-0.03558,Costa Coffee,Coffee Shop,51.465369,-0.013448
118,"Brockley, Crofton Park",51.46268,-0.03558,coffee well,,51.45651698112488,-0.018458962440490723
119,"Brockley, Crofton Park",51.46268,-0.03558,Red Lion Coffee Co.,Coffee Shop,51.47623373016064,-0.03707071588512085
120,"Brockley, Crofton Park",51.46268,-0.03558,vanillas coffee,,51.4629355,-0.0235724
121,"Brockley, Crofton Park",51.46268,-0.03558,The Broca,Coffee Shop,51.46453398996731,-0.03702789860354155
122,"Brockley, Crofton Park",51.46268,-0.03558,CoffeeHit,Office,51.464866390514274,-0.03752836095675012
123,"Brockley, Crofton Park",51.46268,-0.03558,Unity Coffee,Coffee Shop,51.459514,-0.011945
124,"Brockley, Crofton Park",51.46268,-0.03558,Karu Coffee,Food Truck,51.47767,-0.026535
125,"Camberwell, Denmark Hill, Peckham, Brixton (part)",51.4748,-0.09312999999999999,Costa Coffee,Coffee Shop,51.47282033362093,-0.09311982315474432
126,"Camberwell, Denmark Hill, Peckham, Brixton (part)",51.4748,-0.09312999999999999,Costa Coffee,Coffee Shop,51.46865000122871,-0.0932035183374173
127,"Camberwell, Denmark Hill, Peckham, Brixton (part)",51.4748,-0.09312999999999999,Costa Coffee,Coffee Shop,51.48791,-0.09553224
128,"Camberwell, Denmark Hill, Peckham, Brixton (part)",51.4748,-0.09312999999999999,Daily Goods London,Café,51.47391198191105,-0.09004631254287411
129,"Camberwell, Denmark Hill, Peckham, Brixton (part)",51.4748,-0.09312999999999999,Buzz Coffee,Coffee Shop,51.481628,-0.112196
130,"Camberwell, Denmark Hill, Peckham, Brixton (part)",51.4748,-0.09312999999999999,FCB - Artisan Espresso Bar (Denmark Hill),Coffee Shop,51.46796683689101,-0.08951223754870859
131,"Camberwell, Denmark Hill, Peckham, Brixton (part)",51.4748,-0.09312999999999999,Red Door Coffee Shop,,51.457907,-0.085858
132,"Camberwell, Denmark Hill, Peckham, Brixton (part)",51.4748,-0.09312999999999999,Starbucks,Coffee Shop,51.462233,-0.084468
133,"Catford, Bellingham, Hither Green (part)",51.43722,-0.018680000000000002,Costa Coffee,Coffee Shop,51.44513619147408,-0.02169438897990186
134,"Catford, Bellingham, Hither Green (part)",51.43722,-0.018680000000000002,Costa Coffee,Coffee Shop,51.44732073877472,-0.018399378636163567
135,"Catford, Bellingham, Hither Green (part)",51.43722,-0.018680000000000002,Compound + Coffee,Coffee Shop,51.445963,-0.020645
136,"Catford, Bellingham, Hither Green (part)",51.43722,-0.018680000000000002,Costa Coffee,Coffee Shop,51.43148659828433,-0.03442977374173825
137,Charlton,51.487590000000004,0.02912,Costa Coffee,Coffee Shop,51.48753418417503,0.027631177524891724
138,Charlton,51.487590000000004,0.02912,Costa Coffee,Coffee Shop,51.4901482936383,0.012230873107910156
139,Charlton,51.487590000000004,0.02912,Triple Two Coffee,Coffee Shop,51.49964,0.027353503
140,Charlton,51.487590000000004,0.02912,Costa Coffee,Coffee Shop,51.490646,0.023343936
141,Charlton,51.487590000000004,0.02912,Avocado & Coffee,Coffee Shop,51.48568,0.007094
142,Charlton,51.487590000000004,0.02912,Insomnia Coffee,Coffee Shop,51.49061,0.02430819
143,Charlton,51.487590000000004,0.02912,The Old Cottage Coffee Shop,Coffee Shop,51.481604,0.040605
144,Charlton,51.487590000000004,0.02912,Costa Coffee,Coffee Shop,51.486179,0.009224
145,Charlton,51.487590000000004,0.02912,Coffee Time,Coffee Shop,51.475445,0.037336
146,Charlton,51.487590000000004,0.02912,Venezia Coffee @WCB,Coffee Shop,51.484102,0.018529
147,Charlton,51.487590000000004,0.02912,Starbucks,Coffee Shop,51.487413,0.024706
148,Charlton,51.487590000000004,0.02912,Five Beans Coffee,,51.4946529,0.0434915
149,Charlton,51.487590000000004,0.02912,Costa Coffee,Coffee Shop,51.479214,0.050949566
150,"Deptford, Evelyn, Rotherhithe (part)",51.48114,-0.024669999999999997,Costa Coffee,Coffee Shop,51.47772,-0.025278814
151,"Deptford, Evelyn, Rotherhithe (part)",51.48114,-0.024669999999999997,Costa Coffee,Coffee Shop,51.48157229381881,-0.01007976884324204
152,"Deptford, Evelyn, Rotherhithe (part)",51.48114,-0.024669999999999997,Mouse Tail Coffee Stories,Coffee Shop,51.478694660424985,-0.02661676637355488
153,"Deptford, Evelyn, Rotherhithe (part)",51.48114,-0.024669999999999997,Costa Coffee,Coffee Shop,51.48261610839273,-0.015453776347844497
154,"Deptford, Evelyn, Rotherhithe (part)",51.48114,-0.024669999999999997,Park View Coffee Cabin,Coffee Shop,51.477374,-0.000307
155,"Deptford, Evelyn, Rotherhithe (part)",51.48114,-0.024669999999999997,The Coffee Room Deptford,Café,51.474926,-0.024322
156,"Deptford, Evelyn, Rotherhithe (part)",51.48114,-0.024669999999999997,Mughead Coffee,Coffee Shop,51.47586,-0.035706
157,"Deptford, Evelyn, Rotherhithe (part)",51.48114,-0.024669999999999997,Red Lion Coffee Co.,Coffee Shop,51.47623373016064,-0.03707071588512085
158,"Deptford, Evelyn, Rotherhithe (part)",51.48114,-0.024669999999999997,Karu Coffee,Food Truck,51.47767,-0.026535
159,"Deptford, Evelyn, Rotherhithe (part)",51.48114,-0.024669999999999997,Costa Coffee,Coffee Shop,51.47491653483146,-0.034669442521730896
160,"Deptford, Evelyn, Rotherhithe (part)",51.48114,-0.024669999999999997,Lomond Coffee,Coffee Shop,51.478349355447506,-0.027025938034057617
161,"Deptford, Evelyn, Rotherhithe (part)",51.48114,-0.024669999999999997,Costa Coffee,Coffee Shop,51.472908,-0.017306
162,"Deptford, Evelyn, Rotherhithe (part)",51.48114,-0.024669999999999997,Alley Coffee,Café,51.481102,-0.008267
163,"Deptford, Evelyn, Rotherhithe (part)",51.48114,-0.024669999999999997,Henry's Coffee Bar Pop Up,Coffee Shop,51.482755,-0.007779
164,"Deptford, Evelyn, Rotherhithe (part)",51.48114,-0.024669999999999997,Starbucks,Coffee Shop,51.482138,-0.009885
165,"Deptford, Evelyn, Rotherhithe (part)",51.48114,-0.024669999999999997,Peabody Coffee,Coffee Shop,51.49842,-0.026057
166,"Deptford, Evelyn, Rotherhithe (part)",51.48114,-0.024669999999999997,vanillas coffee,,51.4629355,-0.0235724
167,"Deptford, Evelyn, Rotherhithe (part)",51.48114,-0.024669999999999997,The White House Café,Café,51.47933828513997,-0.007102489471435547
168,"Eltham, Mottingham, New Eltham, Well Hall, Avery Hill (part), Falconwood (part), Sidcup (part), Chinbrook (part), Longlands (part) Kidbrooke (part), Shooter's Hill (part)",51.44463,0.05212000000000001,Costa Coffee,Coffee Shop,51.451008251248076,0.05413882783880663
169,"Eltham, Mottingham, New Eltham, Well Hall, Avery Hill (part), Falconwood (part), Sidcup (part), Chinbrook (part), Longlands (part) Kidbrooke (part), Shooter's Hill (part)",51.44463,0.05212000000000001,Coffee Town,Coffee Shop,51.4504929058037,0.05732840828847056
170,"Greenwich, Maze Hill, Greenwich Peninsula",51.48454,0.00275,Costa Coffee,Coffee Shop,51.48157229381881,-0.01007976884324204
171,"Greenwich, Maze Hill, Greenwich Peninsula",51.48454,0.00275,Costa Coffee,Coffee Shop,51.4901482936383,0.012230873107910156
172,"Greenwich, Maze Hill, Greenwich Peninsula",51.48454,0.00275,Costa Coffee,Coffee Shop,51.48753418417503,0.027631177524891724
173,"Greenwich, Maze Hill, Greenwich Peninsula",51.48454,0.00275,Park View Coffee Cabin,Coffee Shop,51.477374,-0.000307
174,"Greenwich, Maze Hill, Greenwich Peninsula",51.48454,0.00275,Avocado & Coffee,Coffee Shop,51.48568,0.007094
175,"Greenwich, Maze Hill, Greenwich Peninsula",51.48454,0.00275,Alacosta Coffee,Café,51.48391,0.001038
176,"Greenwich, Maze Hill, Greenwich Peninsula",51.48454,0.00275,Costa Coffee,Coffee Shop,51.486179,0.009224
177,"Greenwich, Maze Hill, Greenwich Peninsula",51.48454,0.00275,Costa Coffee,Coffee Shop,51.48261610839273,-0.015453776347844497
178,"Greenwich, Maze Hill, Greenwich Peninsula",51.48454,0.00275,Henry's Coffee Bar Pop Up,Coffee Shop,51.482755,-0.007779
179,"Greenwich, Maze Hill, Greenwich Peninsula",51.48454,0.00275,Alley Coffee,Café,51.481102,-0.008267
180,"Greenwich, Maze Hill, Greenwich Peninsula",51.48454,0.00275,Venezia Coffee @WCB,Coffee Shop,51.484102,0.018529
181,"Greenwich, Maze Hill, Greenwich Peninsula",51.48454,0.00275,Costa Coffee,Coffee Shop,51.490646,0.023343936
182,"Greenwich, Maze Hill, Greenwich Peninsula",51.48454,0.00275,Starbucks,Coffee Shop,51.482138,-0.009885
183,"Greenwich, Maze Hill, Greenwich Peninsula",51.48454,0.00275,Starbucks,Coffee Shop,51.487413,0.024706
184,"Greenwich, Maze Hill, Greenwich Peninsula",51.48454,0.00275,The White House Café,Café,51.47933828513997,-0.007102489471435547
185,"Kennington, Lambeth (part), Vauxhall (part), Oval (part)",51.490840000000006,-0.11108,Costa Coffee,Coffee Shop,51.50318004562804,-0.11264348734111061
186,"Kennington, Lambeth (part), Vauxhall (part), Oval (part)",51.490840000000006,-0.11108,AMT Coffee,Coffee Shop,51.49997320903263,-0.11897431613749751
187,"Kennington, Lambeth (part), Vauxhall (part), Oval (part)",51.490840000000006,-0.11108,Coffee @ The Castle,Café,51.49476503391922,-0.10177552175970374
188,"Kennington, Lambeth (part), Vauxhall (part), Oval (part)",51.490840000000006,-0.11108,2 Love Tea And Coffee,Coffee Shop,51.49608859432227,-0.1208228442967082
189,"Kennington, Lambeth (part), Vauxhall (part), Oval (part)",51.490840000000006,-0.11108,Flat Cap Coffee Co,Coffee Shop,51.49749647419568,-0.13385812172317216
190,"Kennington, Lambeth (part), Vauxhall (part), Oval (part)",51.490840000000006,-0.11108,The Kennington Coffee Shop,Coffee Shop,51.49288854393035,-0.11089499419135022
191,"Kennington, Lambeth (part), Vauxhall (part), Oval (part)",51.490840000000006,-0.11108,Costa Coffee,Coffee Shop,51.499002289015394,-0.11228543164636565
192,"Kennington, Lambeth (part), Vauxhall (part), Oval (part)",51.490840000000006,-0.11108,Costa Coffee,Coffee Shop,51.50093364186963,-0.12480467457557845
193,"Kennington, Lambeth (part), Vauxhall (part), Oval (part)",51.490840000000006,-0.11108,Despatch Box Coffee Shop,Coffee Shop,51.50111406437572,-0.12474325755695803
194,"Kennington, Lambeth (part), Vauxhall (part), Oval (part)",51.490840000000006,-0.11108,Coleman Coffee Roasters,Coffee Shop,51.500636,-0.112947
195,"Kennington, Lambeth (part), Vauxhall (part), Oval (part)",51.490840000000006,-0.11108,Origin Coffee,Coffee Shop,51.504326,-0.103555
196,"Kennington, Lambeth (part), Vauxhall (part), Oval (part)",51.490840000000006,-0.11108,Decadent Decaf Coffee Co,Deli / Bodega,51.48876268432263,-0.11132511074821337
197,"Kennington, Lambeth (part), Vauxhall (part), Oval (part)",51.490840000000006,-0.11108,Sidecar Coffee Bar,Coffee Shop,51.492127774893426,-0.09901009760432411
198,"Kennington, Lambeth (part), Vauxhall (part), Oval (part)",51.490840000000006,-0.11108,Birds Hill Coffee,Coffee Shop,51.501606,-0.09440873
199,"Kennington, Lambeth (part), Vauxhall (part), Oval (part)",51.490840000000006,-0.11108,Costa Coffee,Coffee Shop,51.48791,-0.09553224
200,"Kennington, Lambeth (part), Vauxhall (part), Oval (part)",51.490840000000006,-0.11108,Coffee Culture,Breakfast Spot,51.503048658919134,-0.11597967181503623
201,"Kennington, Lambeth (part), Vauxhall (part), Oval (part)",51.490840000000006,-0.11108,80 Stone Coffee,Coffee Shop,51.49844,-0.104662
202,"Kennington, Lambeth (part), Vauxhall (part), Oval (part)",51.490840000000006,-0.11108,Sandwichman Coffee Bar,Coffee Shop,51.49490452263876,-0.11713255518520538
203,"Kennington, Lambeth (part), Vauxhall (part), Oval (part)",51.490840000000006,-0.11108,Monmouth Coffee Lamberth Pier,Coffee Shop,51.491935,-0.121965
204,"Kennington, Lambeth (part), Vauxhall (part), Oval (part)",51.490840000000006,-0.11108,Knot Artisan Coffee & Pretzel,Bakery,51.486029,-0.122761
205,"Kennington, Lambeth (part), Vauxhall (part), Oval (part)",51.490840000000006,-0.11108,Waffels coffee café,Café,51.49682848578225,-0.11233259895971344
206,"Kennington, Lambeth (part), Vauxhall (part), Oval (part)",51.490840000000006,-0.11108,Bakery coffee shop,Candy Store,51.49709087562981,-0.11163371263792918
207,"Kennington, Lambeth (part), Vauxhall (part), Oval (part)",51.490840000000006,-0.11108,Buzz Coffee,Coffee Shop,51.481628,-0.112196
208,"Kennington, Lambeth (part), Vauxhall (part), Oval (part)",51.490840000000006,-0.11108,Lemon Coffee Shop,Café,51.49272360983386,-0.10047192294784338
209,"Kennington, Lambeth (part), Vauxhall (part), Oval (part)",51.490840000000006,-0.11108,The Coffee House,Coffee Shop,51.504007,-0.094674
210,"Kennington, Lambeth (part), Vauxhall (part), Oval (part)",51.490840000000006,-0.11108,Costa Coffee,Coffee Shop,51.50325375236831,-0.10683648438269516
211,"Kennington, Lambeth (part), Vauxhall (part), Oval (part)",51.490840000000006,-0.11108,LCC Coffee Van,Coffee Shop,51.49485256898346,-0.10126483957051181
212,"Kennington, Lambeth (part), Vauxhall (part), Oval (part)",51.490840000000006,-0.11108,Starbucks,Coffee Shop,51.485696,-0.123569
213,"Kennington, Lambeth (part), Vauxhall (part), Oval (part)",51.490840000000006,-0.11108,Lavazza Coffee Bar,Coffee Shop,51.49490429453383,-0.10009307963628992
214,"Kennington, Lambeth (part), Vauxhall (part), Oval (part)",51.490840000000006,-0.11108,Elephant Coffee,Coffee Shop,51.49466395353978,-0.09806156158447266
215,"Kennington, Lambeth (part), Vauxhall (part), Oval (part)",51.490840000000006,-0.11108,Monmouth coffee,Café,51.4840565059017,-0.12671017962931844
216,"Kennington, Lambeth (part), Vauxhall (part), Oval (part)",51.490840000000006,-0.11108,Quickstop Coffee,Café,51.494198,-0.09869
217,"Kennington, Lambeth (part), Vauxhall (part), Oval (part)",51.490840000000006,-0.11108,Ravello Coffee Co,Sandwich Place,51.497894927913244,-0.13420365711386673
218,"Kennington, Lambeth (part), Vauxhall (part), Oval (part)",51.490840000000006,-0.11108,Costa Coffee,Coffee Shop,51.50128517041627,-0.10459316230692346
219,"Kennington, Lambeth (part), Vauxhall (part), Oval (part)",51.490840000000006,-0.11108,The Black Cab Coffee Co,Coffee Shop,51.48581061779884,-0.12354902979346621
220,"Kennington, Lambeth (part), Vauxhall (part), Oval (part)",51.490840000000006,-0.11108,Costa Coffee,Coffee Shop,51.49490697641138,-0.12947528766284455
221,"Kennington, Lambeth (part), Vauxhall (part), Oval (part)",51.490840000000006,-0.11108,Lucielles Cafe & Coffee Shop,Café,51.48267782777309,-0.12121629381167567
222,"Kennington, Lambeth (part), Vauxhall (part), Oval (part)",51.490840000000006,-0.11108,Starbucks,Coffee Shop,51.48056744898177,-0.12803559177452842
223,"Kennington, Lambeth (part), Vauxhall (part), Oval (part)",51.490840000000006,-0.11108,Express Coffee Co,Pizza Place,51.501477,-0.112293
224,"Kennington, Lambeth (part), Vauxhall (part), Oval (part)",51.490840000000006,-0.11108,Tree Shaker Coffee,Coffee Shop,51.501425,-0.115639
225,"Kennington, Lambeth (part), Vauxhall (part), Oval (part)",51.490840000000006,-0.11108,Ravello Coffee Co,Coffee Shop,51.49498546732257,-0.12694290185711385
226,"Kennington, Lambeth (part), Vauxhall (part), Oval (part)",51.490840000000006,-0.11108,Rocky Coffee,Food Truck,51.50132,-0.11978
227,"Kennington, Lambeth (part), Vauxhall (part), Oval (part)",51.490840000000006,-0.11108,Costa Coffee,Coffee Shop,51.50121966342386,-0.12910850170243543
228,"Kennington, Lambeth (part), Vauxhall (part), Oval (part)",51.490840000000006,-0.11108,Starbucks,Coffee Shop,51.501962,-0.117661
229,"Kennington, Lambeth (part), Vauxhall (part), Oval (part)",51.490840000000006,-0.11108,pimlico village coffee shop,Coffee Shop,51.488846188177064,-0.13461200840747686
230,"Kennington, Lambeth (part), Vauxhall (part), Oval (part)",51.490840000000006,-0.11108,Portugal Coffee Deli,Café,51.480873500601575,-0.12452914286812951
231,"Kennington, Lambeth (part), Vauxhall (part), Oval (part)",51.490840000000006,-0.11108,Four Corners Coffee,Coffee Shop,51.504086,-0.11453502
232,"Kennington, Lambeth (part), Vauxhall (part), Oval (part)",51.490840000000006,-0.11108,Ultimate Coffee Experience,Café,51.50431,-0.113279
233,"Kennington, Lambeth (part), Vauxhall (part), Oval (part)",51.490840000000006,-0.11108,Espressamente Illy,Coffee Shop,51.50071408810958,-0.11719228163543702
234,"Kennington, Lambeth (part), Vauxhall (part), Oval (part)",51.490840000000006,-0.11108,Express Coffee Co,Tea Room,51.49650804068179,-0.1337003739040803
235,"Lee, Mottingham, Grove Park, Chinbrook, Hither Green (part), Eltham (part), Horn Park",51.447590000000005,0.0135,1st Coffee,Coffee Shop,51.46067561860985,0.02855240194548969
236,"Lee, Mottingham, Grove Park, Chinbrook, Hither Green (part), Eltham (part), Horn Park",51.447590000000005,0.0135,Centre Coffee Shop,Coffee Shop,51.457734,0.009857
237,"Lee, Mottingham, Grove Park, Chinbrook, Hither Green (part), Eltham (part), Horn Park",51.447590000000005,0.0135,Costa Coffee,Coffee Shop,51.43224626514504,0.017303413815676464
238,"Lee, Mottingham, Grove Park, Chinbrook, Hither Green (part), Eltham (part), Horn Park",51.447590000000005,0.0135,Resta Coffee,Coffee Shop,51.43095875018038,0.021535697529122714
239,"Lewisham, Hither Green, Ladywell",51.46196,-0.007540000000000001,Exchange Coffee,Coffee Shop,51.46232303318784,-0.010213851928710938
240,"Lewisham, Hither Green, Ladywell",51.46196,-0.007540000000000001,Costa Coffee,Coffee Shop,51.462451944892905,-0.011730652407934984
241,"Lewisham, Hither Green, Ladywell",51.46196,-0.007540000000000001,Coffee!,Coffee Shop,51.46180959260326,-0.012106550395127104
242,"Lewisham, Hither Green, Ladywell",51.46196,-0.007540000000000001,Coffee Addict,Coffee Shop,51.46356900311176,-0.011255352833403736
243,"Lewisham, Hither Green, Ladywell",51.46196,-0.007540000000000001,Costa Coffee,Coffee Shop,51.465369,-0.013448
244,"Lewisham, Hither Green, Ladywell",51.46196,-0.007540000000000001,Park View Coffee Cabin,Coffee Shop,51.477374,-0.000307
245,"Lewisham, Hither Green, Ladywell",51.46196,-0.007540000000000001,Love Coffee,Coffee Shop,51.461845434253924,-0.0115864295441153
246,"Lewisham, Hither Green, Ladywell",51.46196,-0.007540000000000001,Costa Coffee,Coffee Shop,51.4666678238389,0.007592291196927815
247,"Lewisham, Hither Green, Ladywell",51.46196,-0.007540000000000001,Unity Coffee,Coffee Shop,51.459514,-0.011945
248,"Lewisham, Hither Green, Ladywell",51.46196,-0.007540000000000001,coffee well,,51.45651698112488,-0.018458962440490723
249,"Lewisham, Hither Green, Ladywell",51.46196,-0.007540000000000001,Costa Coffee,Coffee Shop,51.44732073877472,-0.018399378636163567
250,"Lewisham, Hither Green, Ladywell",51.46196,-0.007540000000000001,Costa Coffee,Coffee Shop,51.472908,-0.017306
251,"Lewisham, Hither Green, Ladywell",51.46196,-0.007540000000000001,vanillas coffee,,51.4629355,-0.0235724
252,"Lewisham, Hither Green, Ladywell",51.46196,-0.007540000000000001,Centre Coffee Shop,Coffee Shop,51.457734,0.009857
253,"Lewisham, Hither Green, Ladywell",51.46196,-0.007540000000000001,Table & Tent Coffee,Café,51.46544651800086,0.009426126122573363
254,New Cross,51.47489,-0.04038,Costa Coffee,Coffee Shop,51.47772,-0.025278814
255,New Cross,51.47489,-0.04038,Red Lion Coffee Co.,Coffee Shop,51.47623373016064,-0.03707071588512085
256,New Cross,51.47489,-0.04038,Mughead Coffee,Coffee Shop,51.47586,-0.035706
257,New Cross,51.47489,-0.04038,Costa Coffee,Coffee Shop,51.47491653483146,-0.034669442521730896
258,New Cross,51.47489,-0.04038,Mouse Tail Coffee Stories,Coffee Shop,51.478694660424985,-0.02661676637355488
259,New Cross,51.47489,-0.04038,The Coffee Room Deptford,Café,51.474926,-0.024322
260,New Cross,51.47489,-0.04038,Coffee Hit,Hardware Store,51.46539105930401,-0.04025459289550781
261,New Cross,51.47489,-0.04038,Karu Coffee,Food Truck,51.47767,-0.026535
262,New Cross,51.47489,-0.04038,Lomond Coffee,Coffee Shop,51.478349355447506,-0.027025938034057617
263,New Cross,51.47489,-0.04038,Matchbox Coffee Stand,Coffee Shop,51.464568928745685,-0.037550926208496094
264,New Cross,51.47489,-0.04038,vanillas coffee,,51.4629355,-0.0235724
265,New Cross,51.47489,-0.04038,The Broca,Coffee Shop,51.46453398996731,-0.03702789860354155
266,New Cross,51.47489,-0.04038,CoffeeHit,Office,51.464866390514274,-0.03752836095675012
267,"Peckham, Nunhead, South Bermondsey (part), Old Kent Road (part)",51.47218,-0.06779,Costa Coffee,Coffee Shop,51.47282033362093,-0.09311982315474432
268,"Peckham, Nunhead, South Bermondsey (part), Old Kent Road (part)",51.47218,-0.06779,La Scala Coffee House,Coffee Shop,51.46148649934041,-0.07826910749094386
269,"Peckham, Nunhead, South Bermondsey (part), Old Kent Road (part)",51.47218,-0.06779,Costa Coffee,Coffee Shop,51.473322,-0.069751
270,"Peckham, Nunhead, South Bermondsey (part), Old Kent Road (part)",51.47218,-0.06779,Westland Coffee & Wine,Coffee Shop,51.474525,-0.06956376
271,"Peckham, Nunhead, South Bermondsey (part), Old Kent Road (part)",51.47218,-0.06779,Chealson's Coffee,Coffee Shop,51.473736,-0.06983265
272,"Peckham, Nunhead, South Bermondsey (part), Old Kent Road (part)",51.47218,-0.06779,Ozzie's Coffee Shop,Café,51.46906599594512,-0.0645125465282851
273,"Peckham, Nunhead, South Bermondsey (part), Old Kent Road (part)",51.47218,-0.06779,Costa Coffee,Coffee Shop,51.46865000122871,-0.0932035183374173
274,"Peckham, Nunhead, South Bermondsey (part), Old Kent Road (part)",51.47218,-0.06779,FCB - Artisan Espresso Bar (Denmark Hill),Coffee Shop,51.46796683689101,-0.08951223754870859
275,"Peckham, Nunhead, South Bermondsey (part), Old Kent Road (part)",51.47218,-0.06779,Daily Goods London,Café,51.47391198191105,-0.09004631254287411
276,"Rotherhithe (part), Surrey Quays, South Bermondsey (part)",51.495740000000005,-0.051570000000000005,Barista Coffee Stop,Coffee Shop,51.49836694073987,-0.04912145309345263
277,"Rotherhithe (part), Surrey Quays, South Bermondsey (part)",51.495740000000005,-0.051570000000000005,Coleman Coffee Roasters,Coffee Shop,51.49591982756128,-0.06902290445337793
278,"Rotherhithe (part), Surrey Quays, South Bermondsey (part)",51.495740000000005,-0.051570000000000005,Mousetail Coffee,Café,51.498147,-0.049364
279,"Rotherhithe (part), Surrey Quays, South Bermondsey (part)",51.495740000000005,-0.051570000000000005,Craft Coffee Cart,Coffee Shop,51.49947777444718,-0.0758859874601649
280,"Rotherhithe (part), Surrey Quays, South Bermondsey (part)",51.495740000000005,-0.051570000000000005,Costa Coffee,Coffee Shop,51.508679,-0.063413
281,"Rotherhithe (part), Surrey Quays, South Bermondsey (part)",51.495740000000005,-0.051570000000000005,Cinnamon Coffee Shop,Coffee Shop,51.50472628244585,-0.05721629719164012
282,"Rotherhithe (part), Surrey Quays, South Bermondsey (part)",51.495740000000005,-0.051570000000000005,Mouse Tail Coffee Cart,Food Truck,51.4981907374667,-0.04920389885468182
283,"Rotherhithe (part), Surrey Quays, South Bermondsey (part)",51.495740000000005,-0.051570000000000005,Monmouth Coffee Company,Coffee Shop,51.495763,-0.066924
284,"Rotherhithe (part), Surrey Quays, South Bermondsey (part)",51.495740000000005,-0.051570000000000005,Coffee and Cream,Café,51.495514,-0.039292
285,"Rotherhithe (part), Surrey Quays, South Bermondsey (part)",51.495740000000005,-0.051570000000000005,Pact Coffee HQ,Office,51.49392965873741,-0.06190648830852436
286,"Rotherhithe (part), Surrey Quays, South Bermondsey (part)",51.495740000000005,-0.051570000000000005,Costa Coffee,Coffee Shop,51.500047573778986,-0.037919692029424
287,"Rotherhithe (part), Surrey Quays, South Bermondsey (part)",51.495740000000005,-0.051570000000000005,"Coffee, mate?",Coffee Shop,51.49887975239817,-0.07461391978840073
288,"Rotherhithe (part), Surrey Quays, South Bermondsey (part)",51.495740000000005,-0.051570000000000005,Starbucks,Coffee Shop,51.494898,-0.046504
289,"Rotherhithe (part), Surrey Quays, South Bermondsey (part)",51.495740000000005,-0.051570000000000005,Metropolitan Wharf Popup Coffee,Coffee Shop,51.506373,-0.052254
290,"Rotherhithe (part), Surrey Quays, South Bermondsey (part)",51.495740000000005,-0.051570000000000005,Beanbag Coffee,Coffee Shop,51.49915,-0.075132
291,"Rotherhithe (part), Surrey Quays, South Bermondsey (part)",51.495740000000005,-0.051570000000000005,Le Pont de La Tour: Coffee Kiosk,Coffee Shop,51.503853520368395,-0.07469573632623436
292,"Rotherhithe (part), Surrey Quays, South Bermondsey (part)",51.495740000000005,-0.051570000000000005,Le Pont de La Tour: Food Store,Sandwich Place,51.5037124055826,-0.07395567458279582
293,"Walworth, Kennington (part), Newington",51.48764,-0.09542,Costa Coffee,Coffee Shop,51.50375958183714,-0.08501443897802416
294,"Walworth, Kennington (part), Newington",51.48764,-0.09542,Costa Coffee,Coffee Shop,51.48791,-0.09553224
295,"Walworth, Kennington (part), Newington",51.48764,-0.09542,Coffee @ The Castle,Café,51.49476503391922,-0.10177552175970374
296,"Walworth, Kennington (part), Newington",51.48764,-0.09542,Sidecar Coffee Bar,Coffee Shop,51.492127774893426,-0.09901009760432411
297,"Walworth, Kennington (part), Newington",51.48764,-0.09542,Birds Hill Coffee,Coffee Shop,51.501606,-0.09440873
298,"Walworth, Kennington (part), Newington",51.48764,-0.09542,Origin Coffee,Coffee Shop,51.504326,-0.103555
299,"Walworth, Kennington (part), Newington",51.48764,-0.09542,Costa Coffee,Coffee Shop,51.499002289015394,-0.11228543164636565
300,"Walworth, Kennington (part), Newington",51.48764,-0.09542,Lemon Coffee Shop,Café,51.49272360983386,-0.10047192294784338
301,"Walworth, Kennington (part), Newington",51.48764,-0.09542,Costa Coffee,Coffee Shop,51.50247354791685,-0.09241381103990964
302,"Walworth, Kennington (part), Newington",51.48764,-0.09542,Elephant Coffee,Coffee Shop,51.49466395353978,-0.09806156158447266
303,"Walworth, Kennington (part), Newington",51.48764,-0.09542,Quickstop Coffee,Café,51.494198,-0.09869
304,"Walworth, Kennington (part), Newington",51.48764,-0.09542,The Kennington Coffee Shop,Coffee Shop,51.49288854393035,-0.11089499419135022
305,"Walworth, Kennington (part), Newington",51.48764,-0.09542,Mouse Tail Coffee,Coffee Shop,51.501846,-0.09220697
306,"Walworth, Kennington (part), Newington",51.48764,-0.09542,The Coffee House,Coffee Shop,51.504007,-0.094674
307,"Walworth, Kennington (part), Newington",51.48764,-0.09542,Lavazza Coffee Bar,Coffee Shop,51.49490429453383,-0.10009307963628992
308,"Walworth, Kennington (part), Newington",51.48764,-0.09542,80 Stone Coffee,Coffee Shop,51.49844,-0.104662
309,"Walworth, Kennington (part), Newington",51.48764,-0.09542,LCC Coffee Van,Coffee Shop,51.49485256898346,-0.10126483957051181
310,"Walworth, Kennington (part), Newington",51.48764,-0.09542,Kira's Corner Coffee Shop,Arepa Restaurant,51.493798932026316,-0.084494948387146
311,"Walworth, Kennington (part), Newington",51.48764,-0.09542,Buzz Coffee,Coffee Shop,51.481628,-0.112196
312,"Walworth, Kennington (part), Newington",51.48764,-0.09542,Decadent Decaf Coffee Co,Deli / Bodega,51.48876268432263,-0.11132511074821337
313,"Walworth, Kennington (part), Newington",51.48764,-0.09542,Complete Coffee,Office,51.50368,-0.091396
314,"Walworth, Kennington (part), Newington",51.48764,-0.09542,Costa Coffee,Coffee Shop,51.50128517041627,-0.10459316230692346
315,"Walworth, Kennington (part), Newington",51.48764,-0.09542,Bakery coffee shop,Candy Store,51.49709087562981,-0.11163371263792918
316,"Walworth, Kennington (part), Newington",51.48764,-0.09542,Waffels coffee café,Café,51.49682848578225,-0.11233259895971344
317,"Walworth, Kennington (part), Newington",51.48764,-0.09542,Black Swan Yard Coffee,Coffee Shop,51.50229,-0.082575
318,"Walworth, Kennington (part), Newington",51.48764,-0.09542,Sandwichman Coffee Bar,Coffee Shop,51.49490452263876,-0.11713255518520538
319,"Walworth, Kennington (part), Newington",51.48764,-0.09542,AMT Coffee,Coffee Shop,51.50326713557458,-0.08776071621589383
320,"Walworth, Kennington (part), Newington",51.48764,-0.09542,Starbucks,Coffee Shop,51.500896,-0.093399
321,"Walworth, Kennington (part), Newington",51.48764,-0.09542,Daily Goods London,Café,51.47391198191105,-0.09004631254287411
322,"Walworth, Kennington (part), Newington",51.48764,-0.09542,"Boundary Coffeehouse, Kitchen & Bar",Café,51.5022192522732,-0.10502553416961415
323,"Woolwich, Royal Arsenal, Plumstead, Shooter's Hill",51.48207,0.07143,Costa Coffee,Coffee Shop,51.49037587398724,0.06929757755080485
324,"Woolwich, Royal Arsenal, Plumstead, Shooter's Hill",51.48207,0.07143,The Coffee Lounge,Coffee Shop,51.490412918637475,0.068272836288088
325,"Woolwich, Royal Arsenal, Plumstead, Shooter's Hill",51.48207,0.07143,Miss Ellie's Coffee & Subs,Coffee Shop,51.489717707255366,0.07077208199217781
326,"Woolwich, Royal Arsenal, Plumstead, Shooter's Hill",51.48207,0.07143,Lakedale Coffee,Coffee Shop,51.487144,0.09130407
327,"Woolwich, Royal Arsenal, Plumstead, Shooter's Hill",51.48207,0.07143,Costa Coffee,Coffee Shop,51.479214,0.050949566
328,"Woolwich, Royal Arsenal, Plumstead, Shooter's Hill",51.48207,0.07143,Car Parks Office Coffee Shop,Office,51.494607,0.077752
329,"Upper Norwood, Crystal Palace",51.4199,-0.08807999999999999,Norville’s Coffee Shop,Coffee Shop,51.419747,-0.079418
330,"Upper Norwood, Crystal Palace",51.4199,-0.08807999999999999,Volcano Coffee Works,Coffee Shop,51.433170278793675,-0.09442690296132629
331,"Upper Norwood, Crystal Palace",51.4199,-0.08807999999999999,Costa Coffee,Coffee Shop,51.41853273802006,-0.08246183395385742
332,"Upper Norwood, Crystal Palace",51.4199,-0.08807999999999999,Coffee & Brunch Kitchen,Coffee Shop,51.418051,-0.072756
333,"Upper Norwood, Crystal Palace",51.4199,-0.08807999999999999,Smoketronics Vape & Coffee Shop ,Vape Store,51.427547,-0.087228455
334,"Upper Norwood, Crystal Palace",51.4199,-0.08807999999999999,Costa Coffee,Coffee Shop,51.42081424027584,-0.06745219230651855
335,"Anerley, Crystal Palace (part), Penge, Beckenham (part)",51.410090000000004,-0.05683,Soniador Coffee Shop,Coffee Shop,51.408854,-0.040428
336,"Anerley, Crystal Palace (part), Penge, Beckenham (part)",51.410090000000004,-0.05683,Sheriff’s Coffee Co,Coffee Shop,51.417692,-0.060814
337,"Anerley, Crystal Palace (part), Penge, Beckenham (part)",51.410090000000004,-0.05683,Costa Coffee,Coffee Shop,51.414791095763,-0.05256797317614207
338,"Anerley, Crystal Palace (part), Penge, Beckenham (part)",51.410090000000004,-0.05683,Coffee Cup House,Coffee Shop,51.40899538666206,-0.04101543288776809
339,"Anerley, Crystal Palace (part), Penge, Beckenham (part)",51.410090000000004,-0.05683,Coffee Daddies,Coffee Shop,51.417346,-0.061016
340,"Anerley, Crystal Palace (part), Penge, Beckenham (part)",51.410090000000004,-0.05683,The Coffee Trail,Coffee Shop,51.417639,-0.060817
341,"Anerley, Crystal Palace (part), Penge, Beckenham (part)",51.410090000000004,-0.05683,Kent House Coffee & Flowers,Coffee Shop,51.412163,-0.045733
342,"Anerley, Crystal Palace (part), Penge, Beckenham (part)",51.410090000000004,-0.05683,Costa Coffee,Coffee Shop,51.39702683255427,-0.049557402554021454
343,"Anerley, Crystal Palace (part), Penge, Beckenham (part)",51.410090000000004,-0.05683,Coffee & Brunch Kitchen,Coffee Shop,51.418051,-0.072756
344,"Anerley, Crystal Palace (part), Penge, Beckenham (part)",51.410090000000004,-0.05683,Sheriff’s Coffee Co,Coffee Shop,51.419307,-0.054246
345,"Anerley, Crystal Palace (part), Penge, Beckenham (part)",51.410090000000004,-0.05683,Coffee Craft,Coffee Shop,51.40011597656466,-0.07526278495788574
346,"Anerley, Crystal Palace (part), Penge, Beckenham (part)",51.410090000000004,-0.05683,High Peak Coffee Co,Café,51.419183,-0.053644
347,"Anerley, Crystal Palace (part), Penge, Beckenham (part)",51.410090000000004,-0.05683,Costa Coffee,Coffee Shop,51.42081424027584,-0.06745219230651855
348,"Anerley, Crystal Palace (part), Penge, Beckenham (part)",51.410090000000004,-0.05683,Maidens Coffee,Coffee Shop,51.39907178099467,-0.04192829132080078
349,"Dulwich, Dulwich Village, West Dulwich, Tulse Hill (part)",51.441,-0.08897000000000001,Volcano Coffee Works,Coffee Shop,51.433170278793675,-0.09442690296132629
350,"Dulwich, Dulwich Village, West Dulwich, Tulse Hill (part)",51.441,-0.08897000000000001,Sherriff’s Coffee Co.,Coffee Shop,51.440971,-0.091812
351,"Dulwich, Dulwich Village, West Dulwich, Tulse Hill (part)",51.441,-0.08897000000000001,Costa Coffee,Coffee Shop,51.434603388252775,-0.10378486940319755
352,"Dulwich, Dulwich Village, West Dulwich, Tulse Hill (part)",51.441,-0.08897000000000001,Pause Coffee Shop,Coffee Shop,51.44002905506454,-0.10576653483413646
353,"Dulwich, Dulwich Village, West Dulwich, Tulse Hill (part)",51.441,-0.08897000000000001,Culdesac Coffee,Café,51.43326302925323,-0.10375490992145182
354,"Dulwich, Dulwich Village, West Dulwich, Tulse Hill (part)",51.441,-0.08897000000000001,Smoketronics Vape & Coffee Shop ,Vape Store,51.427547,-0.087228455
355,"East Dulwich, Dulwich Village (part), Peckham Rye, Loughborough Junction, Herne Hill",51.45256,-0.07076,La Scala Coffee House,Coffee Shop,51.46148649934041,-0.07826910749094386
356,"East Dulwich, Dulwich Village (part), Peckham Rye, Loughborough Junction, Herne Hill",51.45256,-0.07076,The Lodge Coffee House,Coffee Shop,51.440425872802734,-0.06227552890777588
357,"East Dulwich, Dulwich Village (part), Peckham Rye, Loughborough Junction, Herne Hill",51.45256,-0.07076,Red Door Coffee Shop,,51.457907,-0.085858
358,"East Dulwich, Dulwich Village (part), Peckham Rye, Loughborough Junction, Herne Hill",51.45256,-0.07076,Volcano Coffee Works,Coffee Shop,51.442336,-0.061648
359,"East Dulwich, Dulwich Village (part), Peckham Rye, Loughborough Junction, Herne Hill",51.45256,-0.07076,Starbucks,Coffee Shop,51.462233,-0.084468
360,"Forest Hill, Honor Oak, Crofton Park (part)",51.44122,-0.047639999999999995,St David Coffee House,Café,51.43976831331909,-0.05376858404691983
361,"Forest Hill, Honor Oak, Crofton Park (part)",51.44122,-0.047639999999999995,No.41 Coffee and Kitchen,Café,51.444072817393916,-0.04270042894592426
362,"Forest Hill, Honor Oak, Crofton Park (part)",51.44122,-0.047639999999999995,Costa Coffee,Coffee Shop,51.439068,-0.054364353
363,"Forest Hill, Honor Oak, Crofton Park (part)",51.44122,-0.047639999999999995,The Lodge Coffee House,Coffee Shop,51.440425872802734,-0.06227552890777588
364,"Forest Hill, Honor Oak, Crofton Park (part)",51.44122,-0.047639999999999995,Costa Coffee,Coffee Shop,51.43148659828433,-0.03442977374173825
365,"Forest Hill, Honor Oak, Crofton Park (part)",51.44122,-0.047639999999999995,Volcano Coffee Works,Coffee Shop,51.442336,-0.061648
366,"Forest Hill, Honor Oak, Crofton Park (part)",51.44122,-0.047639999999999995,Kente Coffee House,Coffee Shop,51.42657199,-0.05381
367,"Forest Hill, Honor Oak, Crofton Park (part)",51.44122,-0.047639999999999995,The Teapot,Coffee Shop,51.43988756397014,-0.05614006273422462
368,"Herne Hill, Tulse Hill (part), Dulwich (part)",51.455290000000005,-0.09928,Costa Coffee,Coffee Shop,51.46293676351596,-0.11490881941917813
369,"Herne Hill, Tulse Hill (part), Dulwich (part)",51.455290000000005,-0.09928,Costa Coffee,Coffee Shop,51.47282033362093,-0.09311982315474432
370,"Herne Hill, Tulse Hill (part), Dulwich (part)",51.455290000000005,-0.09928,La Scala Coffee House,Coffee Shop,51.46148649934041,-0.07826910749094386
371,"Herne Hill, Tulse Hill (part), Dulwich (part)",51.455290000000005,-0.09928,Federation Coffee,Coffee Shop,51.46241288833468,-0.1117200585980071
372,"Herne Hill, Tulse Hill (part), Dulwich (part)",51.455290000000005,-0.09928,Costa Coffee,Coffee Shop,51.46865000122871,-0.0932035183374173
373,"Herne Hill, Tulse Hill (part), Dulwich (part)",51.455290000000005,-0.09928,Stir Coffee,Coffee Shop,51.454465,-0.119599
374,"Herne Hill, Tulse Hill (part), Dulwich (part)",51.455290000000005,-0.09928,Red Door Coffee Shop,,51.457907,-0.085858
375,"Herne Hill, Tulse Hill (part), Dulwich (part)",51.455290000000005,-0.09928,Ritzy Bar/Coffee,Café,51.461213413041584,-0.11501312255859375
376,"Herne Hill, Tulse Hill (part), Dulwich (part)",51.455290000000005,-0.09928,Wildebeest Coffee Van,Coffee Shop,51.46333,-0.112822
377,"Herne Hill, Tulse Hill (part), Dulwich (part)",51.455290000000005,-0.09928,Volcano Coffee Works,Coffee Shop,51.464035,-0.11568
378,"Herne Hill, Tulse Hill (part), Dulwich (part)",51.455290000000005,-0.09928,Balance Specialty Coffee & Juice,Café,51.46391,-0.116649605
379,"Herne Hill, Tulse Hill (part), Dulwich (part)",51.455290000000005,-0.09928,FCB - Artisan Espresso Bar (Denmark Hill),Coffee Shop,51.46796683689101,-0.08951223754870859
380,"Herne Hill, Tulse Hill (part), Dulwich (part)",51.455290000000005,-0.09928,Starbucks,Coffee Shop,51.462233,-0.084468
381,"Herne Hill, Tulse Hill (part), Dulwich (part)",51.455290000000005,-0.09928,Adams Ethiopian Restaurant,Ethiopian Restaurant,51.454886,-0.1197
382,"South Norwood, Selhurst (part), Thornton Heath (part), Woodside (part)",51.39925,-0.07414,Coffee Craft,Coffee Shop,51.40011597656466,-0.07526278495788574
383,"South Norwood, Selhurst (part), Thornton Heath (part), Woodside (part)",51.39925,-0.07414,Costa Coffee,Coffee Shop,51.39821,-0.07712189
384,"South Norwood, Selhurst (part), Thornton Heath (part), Woodside (part)",51.39925,-0.07414,Costa Coffee,Coffee Shop,51.39887552709202,-0.09798006129438168
385,"Sydenham,  Crystal Palace (part)",51.42674,-0.05533,St David Coffee House,Café,51.43976831331909,-0.05376858404691983
386,"Sydenham,  Crystal Palace (part)",51.42674,-0.05533,Sheriff’s Coffee Co,Coffee Shop,51.417692,-0.060814
387,"Sydenham,  Crystal Palace (part)",51.42674,-0.05533,Kente Coffee House,Coffee Shop,51.42657199,-0.05381
388,"Sydenham,  Crystal Palace (part)",51.42674,-0.05533,Costa Coffee,Coffee Shop,51.414791095763,-0.05256797317614207
389,"Sydenham,  Crystal Palace (part)",51.42674,-0.05533,The Coffee Trail,Coffee Shop,51.417639,-0.060817
390,"Sydenham,  Crystal Palace (part)",51.42674,-0.05533,Coffee Daddies,Coffee Shop,51.417346,-0.061016
391,"Sydenham,  Crystal Palace (part)",51.42674,-0.05533,Costa Coffee,Coffee Shop,51.439068,-0.054364353
392,"Sydenham,  Crystal Palace (part)",51.42674,-0.05533,Sheriff’s Coffee Co,Coffee Shop,51.419307,-0.054246
393,"Sydenham,  Crystal Palace (part)",51.42674,-0.05533,Costa Coffee,Coffee Shop,51.42081424027584,-0.06745219230651855
394,"Sydenham,  Crystal Palace (part)",51.42674,-0.05533,Coffee & Brunch Kitchen,Coffee Shop,51.418051,-0.072756
395,"Sydenham,  Crystal Palace (part)",51.42674,-0.05533,High Peak Coffee Co,Café,51.419183,-0.053644
396,"Sydenham,  Crystal Palace (part)",51.42674,-0.05533,Costa Coffee,Coffee Shop,51.43148659828433,-0.03442977374173825
397,"Sydenham,  Crystal Palace (part)",51.42674,-0.05533,Sheriff’s Coffee Co,Coffee Shop,51.424816,-0.033515
398,"Sydenham,  Crystal Palace (part)",51.42674,-0.05533,The Lodge Coffee House,Coffee Shop,51.440425872802734,-0.06227552890777588
399,"Sydenham,  Crystal Palace (part)",51.42674,-0.05533,The Teapot,Coffee Shop,51.43988756397014,-0.05614006273422462
400,"West Norwood, Gipsy Hill (part)",51.43407,-0.10375,Volcano Coffee Works,Coffee Shop,51.433170278793675,-0.09442690296132629
401,"West Norwood, Gipsy Hill (part)",51.43407,-0.10375,Costa Coffee,Coffee Shop,51.434603388252775,-0.10378486940319755
402,"West Norwood, Gipsy Hill (part)",51.43407,-0.10375,I Love Coffee,Coffee Shop,51.43391172639315,-0.1283228366159505
403,"West Norwood, Gipsy Hill (part)",51.43407,-0.10375,Culdesac Coffee,Café,51.43326302925323,-0.10375490992145182
404,"West Norwood, Gipsy Hill (part)",51.43407,-0.10375,Estate Office Coffee,Coffee Shop,51.43801898558586,-0.12764629163539645
405,"West Norwood, Gipsy Hill (part)",51.43407,-0.10375,Pause Coffee Shop,Coffee Shop,51.44002905506454,-0.10576653483413646
406,"West Norwood, Gipsy Hill (part)",51.43407,-0.10375,the coffee cabin,Coffee Shop,51.438249,-0.127121
407,"West Norwood, Gipsy Hill (part)",51.43407,-0.10375,Coffee Republic,Coffee Shop,51.434889,-0.128195
408,"West Norwood, Gipsy Hill (part)",51.43407,-0.10375,Sherriff’s Coffee Co.,Coffee Shop,51.440971,-0.091812
409,"West Norwood, Gipsy Hill (part)",51.43407,-0.10375,Smoketronics Vape & Coffee Shop ,Vape Store,51.427547,-0.087228455
410,"West Norwood, Gipsy Hill (part)",51.43407,-0.10375,Tassili Coffee Shop,Café,51.42923028473379,-0.12773405151240227
411,"West Norwood, Gipsy Hill (part)",51.43407,-0.10375,Rosca Coffee,,51.43626938832887,-0.127834077438724
412,Thamesmead,51.50527,0.12013,none,none,0.0,0.0
0,"Bankside, South Bank, Lambeth (part), Southwark, Bermondsey (part), Vauxhall (part), Old Kent Road (part)",51.4996,-0.09613,TĪNG Restaurant,English Restaurant,51.504247453119596,-0.08636360490722422
1,"Bankside, South Bank, Lambeth (part), Southwark, Bermondsey (part), Vauxhall (part), Old Kent Road (part)",51.4996,-0.09613,Lin's Restaurant & Bar,Chinese Restaurant,51.50631776350921,-0.10208644250628077
2,"Bankside, South Bank, Lambeth (part), Southwark, Bermondsey (part), Vauxhall (part), Old Kent Road (part)",51.4996,-0.09613,302 Restaurant,Restaurant,51.498859737504674,-0.1061405847379429
3,"Bankside, South Bank, Lambeth (part), Southwark, Bermondsey (part), Vauxhall (part), Old Kent Road (part)",51.4996,-0.09613,Truly Indian Restaurant,Indian Restaurant,51.50399383652888,-0.0911369152466808
4,"Bankside, South Bank, Lambeth (part), Southwark, Bermondsey (part), Vauxhall (part), Old Kent Road (part)",51.4996,-0.09613,The Restaurant Group PLC,,51.50137611620837,-0.09388994169166137
5,"Bankside, South Bank, Lambeth (part), Southwark, Bermondsey (part), Vauxhall (part), Old Kent Road (part)",51.4996,-0.09613,Bill's Restaurant,English Restaurant,51.5069354863306,-0.09137607737083332
6,"Bankside, South Bank, Lambeth (part), Southwark, Bermondsey (part), Vauxhall (part), Old Kent Road (part)",51.4996,-0.09613,La Bodeguita Restaurant,South American Restaurant,51.49325985997508,-0.09959869743910243
7,"Bankside, South Bank, Lambeth (part), Southwark, Bermondsey (part), Vauxhall (part), Old Kent Road (part)",51.4996,-0.09613,Børealis Restaurant,Restaurant,51.501529,-0.093329
8,"Bankside, South Bank, Lambeth (part), Southwark, Bermondsey (part), Vauxhall (part), Old Kent Road (part)",51.4996,-0.09613,Silka Restaurant,Indian Restaurant,51.50505974866809,-0.08992411289341273
9,"Bankside, South Bank, Lambeth (part), Southwark, Bermondsey (part), Vauxhall (part), Old Kent Road (part)",51.4996,-0.09613,MasterChef Restaurant,,51.5039287135005,-0.100142536684871
10,"Bankside, South Bank, Lambeth (part), Southwark, Bermondsey (part), Vauxhall (part), Old Kent Road (part)",51.4996,-0.09613,MasterChef Restaurant,,51.5039287135005,-0.100142536684871
11,"Bankside, South Bank, Lambeth (part), Southwark, Bermondsey (part), Vauxhall (part), Old Kent Road (part)",51.4996,-0.09613,MasterChef Restaurant,,51.5039287135005,-0.100142536684871
12,"Bankside, South Bank, Lambeth (part), Southwark, Bermondsey (part), Vauxhall (part), Old Kent Road (part)",51.4996,-0.09613,Mayflower Indian Restaurant,Indian Restaurant,51.49461719603981,-0.09236186742782593
13,"Bankside, South Bank, Lambeth (part), Southwark, Bermondsey (part), Vauxhall (part), Old Kent Road (part)",51.4996,-0.09613,Tas Restaurant,Turkish Restaurant,51.503794858923435,-0.09127934231226059
14,"Bankside, South Bank, Lambeth (part), Southwark, Bermondsey (part), Vauxhall (part), Old Kent Road (part)",51.4996,-0.09613,Thyme Restaurant,Restaurant,51.50487040636959,-0.10105629716378836
15,"Bankside, South Bank, Lambeth (part), Southwark, Bermondsey (part), Vauxhall (part), Old Kent Road (part)",51.4996,-0.09613,Jenny's Restaurant,Diner,51.494843749976795,-0.09954469291116019
16,"Bankside, South Bank, Lambeth (part), Southwark, Bermondsey (part), Vauxhall (part), Old Kent Road (part)",51.4996,-0.09613,LSE Bankside Restaurant,Diner,51.50642197331562,-0.09778137816878352
17,"Bankside, South Bank, Lambeth (part), Southwark, Bermondsey (part), Vauxhall (part), Old Kent Road (part)",51.4996,-0.09613,Shebele Ethiopian Restaurant,Restaurant,51.4942570390005,-0.0906327749995626
18,"Bankside, South Bank, Lambeth (part), Southwark, Bermondsey (part), Vauxhall (part), Old Kent Road (part)",51.4996,-0.09613,Los Arrieros - Latin american Restaurant,Latin American Restaurant,51.49293022643856,-0.09837315876038974
19,"Bankside, South Bank, Lambeth (part), Southwark, Bermondsey (part), Vauxhall (part), Old Kent Road (part)",51.4996,-0.09613,MasterChef Restaurant,,51.50640261937934,-0.09799087829448912
20,"Bankside, South Bank, Lambeth (part), Southwark, Bermondsey (part), Vauxhall (part), Old Kent Road (part)",51.4996,-0.09613,Quarter Restaurant,Bar,51.505257,-0.08818399
21,"Bankside, South Bank, Lambeth (part), Southwark, Bermondsey (part), Vauxhall (part), Old Kent Road (part)",51.4996,-0.09613,Chilies Restaurant & Takeaway,Indian Restaurant,51.49713535312996,-0.10772824287414551
22,"Bankside, South Bank, Lambeth (part), Southwark, Bermondsey (part), Vauxhall (part), Old Kent Road (part)",51.4996,-0.09613,Restaurante Cocorna,South American Restaurant,51.49215995143617,-0.09952365351822182
23,"Bankside, South Bank, Lambeth (part), Southwark, Bermondsey (part), Vauxhall (part), Old Kent Road (part)",51.4996,-0.09613,Roast,English Restaurant,51.505572333537145,-0.09121014484984848
24,"Bankside, South Bank, Lambeth (part), Southwark, Bermondsey (part), Vauxhall (part), Old Kent Road (part)",51.4996,-0.09613,Oblix at The Shard,Restaurant,51.504243041341056,-0.08637805787116971
25,"Bankside, South Bank, Lambeth (part), Southwark, Bermondsey (part), Vauxhall (part), Old Kent Road (part)",51.4996,-0.09613,Nelson's,Café,51.5019386703853,-0.09259219898019111
26,"Bankside, South Bank, Lambeth (part), Southwark, Bermondsey (part), Vauxhall (part), Old Kent Road (part)",51.4996,-0.09613,Baltic,Eastern European Restaurant,51.503309,-0.10476
27,"Bankside, South Bank, Lambeth (part), Southwark, Bermondsey (part), Vauxhall (part), Old Kent Road (part)",51.4996,-0.09613,Alma's Pizzeria,Italian Restaurant,51.5044589835717,-0.09050009891791037
28,"Bankside, South Bank, Lambeth (part), Southwark, Bermondsey (part), Vauxhall (part), Old Kent Road (part)",51.4996,-0.09613,Cuzco,Peruvian Restaurant,51.505443,-0.088562
29,,51.50642,-0.12721,Bill's Restaurant,English Restaurant,51.51183377093123,-0.13508045829141016
30,,51.50642,-0.12721,The Ivy Restaurant,English Restaurant,51.51279973860704,-0.12798146580711955
31,,51.50642,-0.12721,Bill's Restaurant,English Restaurant,51.51255465283461,-0.12659992255283425
32,,51.50642,-0.12721,Portrait Restaurant,Café,51.509259272728734,-0.12820160310541204
33,,51.50642,-0.12721,London Chinatown Restaurant,Chinese Restaurant,51.51150741274579,-0.13180955075710704
34,,51.50642,-0.12721,C&R Café Restaurant,Malay Restaurant,51.51111126738831,-0.13244479894638062
35,,51.50642,-0.12721,Hung's Chinese Restaurant | 美食軒,Chinese Restaurant,51.51127771538517,-0.131952950796263
36,,51.50642,-0.12721,Kowloon Restaurant and Cakeshop,Chinese Restaurant,51.51150273700102,-0.1319037992442578
37,,51.50642,-0.12721,River Restaurant,Breakfast Spot,51.510179881794976,-0.12054926362363
38,,51.50642,-0.12721,New Loon Fung Chinese Restaurant,Chinese Restaurant,51.51203891754673,-0.13037107224776798
39,,51.50642,-0.12721,Khan's Restaurant,Indian Restaurant,51.506645651619316,-0.1269972324371338
40,,51.50642,-0.12721,Ham Yard Bar & Restaurant,Bar,51.51120640402521,-0.1346932495841459
41,,51.50642,-0.12721,India India Restaurant,Indian Restaurant,51.50719323477933,-0.12786626815795898
42,,51.50642,-0.12721,Rooftop Bar & Restaurant,Restaurant,51.510765,-0.1306665
43,,51.50642,-0.12721,Vespa Italian Restaurant,Italian Restaurant,51.509867,-0.12877
44,,51.50642,-0.12721,Fusion Restaurant,Restaurant,51.506693,-0.129205
45,,51.50642,-0.12721,Bill's Restaurant,English Restaurant,51.51177635667046,-0.12018550331262612
46,,51.50642,-0.12721,Prezzo Italian Restaurant London St Martins Lane,Italian Restaurant,51.50940280181761,-0.12712713136183257
47,,51.50642,-0.12721,Ruyi Chinese Restaurant,Chinese Restaurant,51.511593,-0.13174239
48,,51.50642,-0.12721,Massimo Restaurant & Oyster Bar,Seafood Restaurant,51.50694434676789,-0.12465862150387572
49,,51.50642,-0.12721,Madhu's Restaurant,Indian Restaurant,51.508234960183394,-0.12624621391296387
50,,51.50642,-0.12721,1212 Restaurant,Food,51.506007710524976,-0.12399314250483622
51,,51.50642,-0.12721,"Cafe, Restaurant and Bar consultant ",Business Center,51.50833846365029,-0.12643396854400635
52,,51.50642,-0.12721,Garfunkel's,Restaurant,51.507150663763504,-0.12683764100074768
53,,51.50642,-0.12721,Long Ji 龍記 Hong Kong Restaurant,Chinese Restaurant,51.511878,-0.132041
54,,51.50642,-0.12721,Nick's Caribbean Restaurant,Fast Food Restaurant,51.50846734175052,-0.125967264175415
55,,51.50642,-0.12721,Maharani Restaurant,Indian Restaurant,51.50846199973846,-0.1258599758148193
56,,51.50642,-0.12721,Jade Restaurant Lounge Bar,Lounge,51.51098914135617,-0.12985207763695697
57,,51.50642,-0.12721,top restaurant mayfair,Modern European Restaurant,51.508742458803326,-0.12584924697875977
58,,51.50642,-0.12721,Mitsukoshi Restaurant,Japanese Restaurant,51.508815312939696,-0.1340883431810098
59,,51.50642,-0.12721,JinLi Restaurant,Szechuan Restaurant,51.510949438107076,-0.13118275637150434
60,,51.50642,-0.12721,Mr Ribs Restaurant,Restaurant,51.50837919704524,-0.13026952743530273
61,,51.50642,-0.12721,翠亨邨酒家 London Chinatown Restaurant,Chinese Restaurant,51.510408,-0.134129
62,,51.50642,-0.12721,Joy Luck Restaurant,Chinese Restaurant,51.51224592119989,-0.13004549611780702
63,,51.50642,-0.12721,Piazza Terrace Bar & Restaurant,Italian Restaurant,51.512109,-0.122681
64,,51.50642,-0.12721,Dishoom,Indian Restaurant,51.51243,-0.12690805
65,,51.50642,-0.12721,Woodlands Restaurant,Indian Restaurant,51.50960054761273,-0.13178168153152411
66,,51.50642,-0.12721,Refuel Bar & Restaurant,Bar,51.51412539645918,-0.13365879652689586
67,,51.50642,-0.12721,Haxells Restaurant & Bar,Modern European Restaurant,51.510885910350744,-0.1208791136741638
68,,51.50642,-0.12721,Mexican Restaurant,Mexican Restaurant,51.510031212788135,-0.12458324432373048
69,,51.50642,-0.12721,80 Strand Restaurant,Restaurant,51.5096357189308,-0.12392544716060429
70,,51.50642,-0.12721,Chinatown,Neighborhood,51.51150915444222,-0.13167453454527847
71,,51.50642,-0.12721,King Street Garden Restaurant,Restaurant,51.50715688629132,-0.1345618378189832
72,,51.50642,-0.12721,Livebait Seafood Restaurant,Seafood Restaurant,51.5072802990527,-0.12240352603523938
73,,51.50642,-0.12721,JunKie Restaurant,Asian Restaurant,51.51091003417969,-0.13107284903526306
74,,51.50642,-0.12721,House Restaurant,Modern European Restaurant,51.5074138788881,-0.11484337872252376
75,,51.50642,-0.12721,Canton Restaurant,Cantonese Restaurant,51.5121138162093,-0.12973824973433276
76,,51.50642,-0.12721,LIKO Korean & Japanese Restaurant,Korean Restaurant,51.51106133630649,-0.13144520182822858
77,,51.50642,-0.12721,Okawari Japanese Restaurant,Japanese Restaurant,51.511496,-0.13049985
78,,51.50642,-0.12721,Johnstons Restaurant,Restaurant,51.511178,-0.120201
79,"Abbey Wood, West Heath, Crossness, Thamesmead (part), Plumstead (part)",51.49245,0.12127,Taj Mahal Indian Restaurant,Indian Restaurant,51.49114591057234,0.12069054052094456
80,"Blackheath, Kidbrooke, Westcombe Park",51.471379999999996,0.02338,none,none,0.0,0.0
81,"Brockley, Crofton Park",51.46268,-0.03558,L'Oculto Restaurant & Wine Bar,Wine Bar,51.459263,-0.033683516
82,"Camberwell, Denmark Hill, Peckham, Brixton (part)",51.4748,-0.09312999999999999,Tip Toe Restaurant,African Restaurant,51.47425362762286,-0.09314462674341388
83,"Camberwell, Denmark Hill, Peckham, Brixton (part)",51.4748,-0.09312999999999999,Reem Lebanese Restaurant,Lebanese Restaurant,51.47110366821289,-0.09274039417505264
84,"Camberwell, Denmark Hill, Peckham, Brixton (part)",51.4748,-0.09312999999999999,Gusto Café Restaurant Pizza,Italian Restaurant,51.471668,-0.092976
85,"Camberwell, Denmark Hill, Peckham, Brixton (part)",51.4748,-0.09312999999999999,Pasha Central Asian Restaurant,Turkish Restaurant,51.4794944597583,-0.09539898055105202
86,"Camberwell, Denmark Hill, Peckham, Brixton (part)",51.4748,-0.09312999999999999,Silk Road,Xinjiang Restaurant,51.4738195178106,-0.0892841684333542
87,"Catford, Bellingham, Hither Green (part)",51.43722,-0.018680000000000002,Riva Restaurant & Lounge,Italian Restaurant,51.44361289820437,-0.020293779085839982
88,"Catford, Bellingham, Hither Green (part)",51.43722,-0.018680000000000002,Mekan,Greek Restaurant,51.44371831563636,-0.02032020456335627
89,Charlton,51.487590000000004,0.02912,Kesar Punjabi Restaurant,Indian Restaurant,51.486576,0.021283
90,Charlton,51.487590000000004,0.02912,Kasturi Restaurant,Indian Restaurant,51.48171,0.036843
91,"Deptford, Evelyn, Rotherhithe (part)",51.48114,-0.024669999999999997,North Pole Bar and Piano Restaurant,Bar,51.47707124579883,-0.01683795367313981
92,"Deptford, Evelyn, Rotherhithe (part)",51.48114,-0.024669999999999997,Westlake Restaurant,Vietnamese Restaurant,51.48092854603102,-0.026328563690185547
93,"Deptford, Evelyn, Rotherhithe (part)",51.48114,-0.024669999999999997,Viet Rest Restaurant,Vietnamese Restaurant,51.477780058544006,-0.02592211835103318
94,"Deptford, Evelyn, Rotherhithe (part)",51.48114,-0.024669999999999997,Xi' An Restaurant,Chinese Restaurant,51.474503,-0.024194
95,"Deptford, Evelyn, Rotherhithe (part)",51.48114,-0.024669999999999997,Tribe African Restaurant,African Restaurant,51.483922,-0.0308496
96,"Deptford, Evelyn, Rotherhithe (part)",51.48114,-0.024669999999999997,The Broadway Restaurant  And Bar,Caribbean Restaurant,51.475101773342985,-0.024847984313964844
97,"Deptford, Evelyn, Rotherhithe (part)",51.48114,-0.024669999999999997,J5 Bar & Restaurant,African Restaurant,51.47478553796005,-0.024739553719526765
98,"Deptford, Evelyn, Rotherhithe (part)",51.48114,-0.024669999999999997,Jenny's Restaurant,Café,51.47503456,-0.026465
99,"Deptford, Evelyn, Rotherhithe (part)",51.48114,-0.024669999999999997,Reyna,Turkish Restaurant,51.47596302384182,-0.03430593898213256
100,"Eltham, Mottingham, New Eltham, Well Hall, Avery Hill (part), Falconwood (part), Sidcup (part), Chinbrook (part), Longlands (part) Kidbrooke (part), Shooter's Hill (part)",51.44463,0.05212000000000001,Eltham Yeti Restaurant,Indian Restaurant,51.45042329025485,0.05451321601867676
101,"Eltham, Mottingham, New Eltham, Well Hall, Avery Hill (part), Falconwood (part), Sidcup (part), Chinbrook (part), Longlands (part) Kidbrooke (part), Shooter's Hill (part)",51.44463,0.05212000000000001,The Lale Restaurant,Fast Food Restaurant,51.45094147813716,0.05145458614484553
102,"Greenwich, Maze Hill, Greenwich Peninsula",51.48454,0.00275,Green Pea Restaurant,English Restaurant,51.483995670784935,0.0012713878007775167
103,"Greenwich, Maze Hill, Greenwich Peninsula",51.48454,0.00275,Gusto Italian Restaurant,,51.486355,0.00858
104,"Greenwich, Maze Hill, Greenwich Peninsula",51.48454,0.00275,Wing Wah Chinese Restaurant & Bar,,51.486269884687815,0.010434595986981963
105,"Greenwich, Maze Hill, Greenwich Peninsula",51.48454,0.00275,Effes Meze,Mediterranean Restaurant,51.48501603668299,0.004208409807340311
106,"Kennington, Lambeth (part), Vauxhall (part), Oval (part)",51.490840000000006,-0.11108,Elements Restaurant,Restaurant,51.49463091629362,-0.11894930281206395
107,"Kennington, Lambeth (part), Vauxhall (part), Oval (part)",51.490840000000006,-0.11108,"Amici Italian Restaurant, Courtyard & Wine Bar",Italian Restaurant,51.48752578470624,-0.1117614609167371
108,"Kennington, Lambeth (part), Vauxhall (part), Oval (part)",51.490840000000006,-0.11108,302 Restaurant,Restaurant,51.498859737504674,-0.1061405847379429
109,"Kennington, Lambeth (part), Vauxhall (part), Oval (part)",51.490840000000006,-0.11108,Park Plaza Riverbank Restaurant,Restaurant,51.491482979898926,-0.12150662548881307
110,"Kennington, Lambeth (part), Vauxhall (part), Oval (part)",51.490840000000006,-0.11108,Seveni Bar & Restaurant 柒味,Chinese Restaurant,51.49602157003638,-0.11167511343955994
111,"Kennington, Lambeth (part), Vauxhall (part), Oval (part)",51.490840000000006,-0.11108,Joy Taste Restaurant,Chinese Restaurant,51.498451,-0.112734
112,"Kennington, Lambeth (part), Vauxhall (part), Oval (part)",51.490840000000006,-0.11108,Chilies Restaurant & Takeaway,Indian Restaurant,51.49713535312996,-0.10772824287414551
113,"Kennington, Lambeth (part), Vauxhall (part), Oval (part)",51.490840000000006,-0.11108,Thai Sqaure Restaurant,Thai Restaurant,51.4917957077908,-0.12166227424560941
114,"Kennington, Lambeth (part), Vauxhall (part), Oval (part)",51.490840000000006,-0.11108,Los Arrieros Colombian Restaurant,Arepa Restaurant,51.490342,-0.099826
115,"Kennington, Lambeth (part), Vauxhall (part), Oval (part)",51.490840000000006,-0.11108,Meeting Point Restaurant,Chinese Restaurant,51.49855,-0.112356
116,"Kennington, Lambeth (part), Vauxhall (part), Oval (part)",51.490840000000006,-0.11108,Cotto Restaurant,Italian Restaurant,51.49892523925474,-0.1124601323454929
117,"Lee, Mottingham, Grove Park, Chinbrook, Hither Green (part), Eltham (part), Horn Park",51.447590000000005,0.0135,Matahari Restaurant,Malay Restaurant,51.44522987210924,0.0003171367200505586
118,"Lee, Mottingham, Grove Park, Chinbrook, Hither Green (part), Eltham (part), Horn Park",51.447590000000005,0.0135,Caspian restaurant,Middle Eastern Restaurant,51.450962373246604,0.012496208982126498
119,"Lee, Mottingham, Grove Park, Chinbrook, Hither Green (part), Eltham (part), Horn Park",51.447590000000005,0.0135,Polish Tavern Restruant,Modern European Restaurant,51.442967862511786,0.012841241796493392
120,"Lewisham, Hither Green, Ladywell",51.46196,-0.007540000000000001,Restaurant Happy Smell,Asian Restaurant,51.462324,-0.006447
121,"Lewisham, Hither Green, Ladywell",51.46196,-0.007540000000000001,Levante restaurant,Restaurant,51.46207211451613,-0.009490926926344812
122,"Lewisham, Hither Green, Ladywell",51.46196,-0.007540000000000001,Chef's Treat Restaurant,Restaurant,51.460575599849065,-0.010917988300477606
123,"Lewisham, Hither Green, Ladywell",51.46196,-0.007540000000000001,Enish Restaurant + Grill,African Restaurant,51.459036,-0.012386
124,"Lewisham, Hither Green, Ladywell",51.46196,-0.007540000000000001,Levante Pide Restaurant,Turkish Restaurant,51.459848264113056,-0.011476481770328631
125,"Lewisham, Hither Green, Ladywell",51.46196,-0.007540000000000001,Laicram Thai Restaurant,Thai Restaurant,51.46487217654078,-0.006663958210028087
126,"Lewisham, Hither Green, Ladywell",51.46196,-0.007540000000000001,Darjeeling Restaurant,Indian Restaurant,51.45979957492142,-0.004118734465765719
127,"Lewisham, Hither Green, Ladywell",51.46196,-0.007540000000000001,El Khaima Restaurant,Middle Eastern Restaurant,51.459443,-0.002674
128,"Lewisham, Hither Green, Ladywell",51.46196,-0.007540000000000001,Madras Restaurant,Indian Restaurant,51.458613,-0.012603
129,"Lewisham, Hither Green, Ladywell",51.46196,-0.007540000000000001,Vinisha Restaurant,Indian Restaurant,51.46565056239756,-0.017443609797753896
130,New Cross,51.47489,-0.04038,Alaowerri Restaurant,Restaurant,51.475937,-0.047469735
131,New Cross,51.47489,-0.04038,Reyna,Turkish Restaurant,51.47596302384182,-0.03430593898213256
132,New Cross,51.47489,-0.04038,Hong Kong City,Chinese Restaurant,51.47757480046282,-0.051204961143719314
133,"Peckham, Nunhead, South Bermondsey (part), Old Kent Road (part)",51.47218,-0.06779,Wing Tai,Grocery Store,51.47205914422877,-0.06951911440193921
134,"Peckham, Nunhead, South Bermondsey (part), Old Kent Road (part)",51.47218,-0.06779,Jenny's,Café,51.47008,-0.06889019
135,"Peckham, Nunhead, South Bermondsey (part), Old Kent Road (part)",51.47218,-0.06779,Criterion Cafe,Café,51.473840288619876,-0.06976673697725465
136,"Peckham, Nunhead, South Bermondsey (part), Old Kent Road (part)",51.47218,-0.06779,Lovely House,Chinese Restaurant,51.46789189338897,-0.07241128097607828
137,"Rotherhithe (part), Surrey Quays, South Bermondsey (part)",51.495740000000005,-0.051570000000000005,Restaurant I'll Baretto,Italian Restaurant,51.49825586966592,-0.05938620889076885
138,"Rotherhithe (part), Surrey Quays, South Bermondsey (part)",51.495740000000005,-0.051570000000000005,Red Chinese restaurant,Asian Restaurant,51.49842224235372,-0.04782912077560147
139,"Rotherhithe (part), Surrey Quays, South Bermondsey (part)",51.495740000000005,-0.051570000000000005,Water House Chinese Restaurant,Szechuan Restaurant,51.500053,-0.052129
140,"Rotherhithe (part), Surrey Quays, South Bermondsey (part)",51.495740000000005,-0.051570000000000005,Maya Indian Restaurant,Indian Restaurant,51.493236,-0.056179
141,"Rotherhithe (part), Surrey Quays, South Bermondsey (part)",51.495740000000005,-0.051570000000000005,Hardings Restaurant,Restaurant,51.49658764910268,-0.0626993179321289
142,"Walworth, Kennington (part), Newington",51.48764,-0.09542,Pan & Grill Restaurant,English Restaurant,51.486893828132224,-0.09506150397649818
143,"Walworth, Kennington (part), Newington",51.48764,-0.09542,Amore Restaurant,Pizza Place,51.486633,-0.094906
144,"Walworth, Kennington (part), Newington",51.48764,-0.09542,The Nawab Restaurant,Indian Restaurant,51.486575,-0.094835
145,"Walworth, Kennington (part), Newington",51.48764,-0.09542,La Bodeguita Restaurant,South American Restaurant,51.49325985997508,-0.09959869743910243
146,"Walworth, Kennington (part), Newington",51.48764,-0.09542,Castle BBQ & Restaurant,Turkish Restaurant,51.49074508870565,-0.09784418048796527
147,"Walworth, Kennington (part), Newington",51.48764,-0.09542,Los Arrieros Colombian Restaurant,Arepa Restaurant,51.490342,-0.099826
148,"Walworth, Kennington (part), Newington",51.48764,-0.09542,Los Arrieros - Latin american Restaurant,Latin American Restaurant,51.49293022643856,-0.09837315876038974
149,"Walworth, Kennington (part), Newington",51.48764,-0.09542,Mayflower Indian Restaurant,Indian Restaurant,51.49461719603981,-0.09236186742782593
150,"Walworth, Kennington (part), Newington",51.48764,-0.09542,Jenny's Restaurant,Diner,51.494843749976795,-0.09954469291116019
151,"Walworth, Kennington (part), Newington",51.48764,-0.09542,Cafe House,Café,51.48984840553601,-0.09652491310289141
152,"Walworth, Kennington (part), Newington",51.48764,-0.09542,Restaurante Cocorna,South American Restaurant,51.49215995143617,-0.09952365351822182
153,"Woolwich, Royal Arsenal, Plumstead, Shooter's Hill",51.48207,0.07143,Tasty Restaurant,African Restaurant,51.49112327579599,0.07156074642977292
154,"Upper Norwood, Crystal Palace",51.4199,-0.08807999999999999,Dem Restaurant,Turkish Restaurant,51.419612,-0.083661
155,"Upper Norwood, Crystal Palace",51.4199,-0.08807999999999999,Manuel's Restaurant and Bar,Italian Restaurant,51.427591169165815,-0.08613109588623047
156,"Anerley, Crystal Palace (part), Penge, Beckenham (part)",51.410090000000004,-0.05683,none,none,0.0,0.0
157,"Dulwich, Dulwich Village, West Dulwich, Tulse Hill (part)",51.441,-0.08897000000000001,Indigo,Indian Restaurant,51.435871974363934,-0.09396314620971678
158,"East Dulwich, Dulwich Village (part), Peckham Rye, Loughborough Junction, Herne Hill",51.45256,-0.07076,Franklins Restaurant,Restaurant,51.45606610090473,-0.07604830268434629
159,"Forest Hill, Honor Oak, Crofton Park (part)",51.44122,-0.047639999999999995,Tse's Restaurant,Chinese Restaurant,51.439827395217016,-0.05608907278247273
160,"Herne Hill, Tulse Hill (part), Dulwich (part)",51.455290000000005,-0.09928,Saray Restaurant,Turkish Restaurant,51.452093455931916,-0.10167732051436822
161,"South Norwood, Selhurst (part), Thornton Heath (part), Woodside (part)",51.39925,-0.07414,Mantanah,Thai Restaurant,51.39940524514869,-0.07439953744932119
162,"South Norwood, Selhurst (part), Thornton Heath (part), Woodside (part)",51.39925,-0.07414,Sitar,Indian Restaurant,51.3983220874228,-0.07308483123779297
163,"Sydenham,  Crystal Palace (part)",51.42674,-0.05533,Semas cafe,Breakfast Spot,51.42646275378376,-0.05399295295510074
164,"West Norwood, Gipsy Hill (part)",51.43407,-0.10375,Efes Restaurant,Turkish Restaurant,51.43507269907359,-0.10389329415550382
165,"West Norwood, Gipsy Hill (part)",51.43407,-0.10375,Indigo,Indian Restaurant,51.435871974363934,-0.09396314620971678
166,Thamesmead,51.50527,0.12013,none,none,0.0,0.0
